-- phpMyAdmin SQL Dump
-- version 4.0.10deb1
-- http://www.phpmyadmin.net
--
-- Host: localhost
-- Generation Time: Jul 28, 2016 at 08:47 PM
-- Server version: 5.5.49-0ubuntu0.14.04.1
-- PHP Version: 5.5.9-1ubuntu4.17

SET SQL_MODE = "NO_AUTO_VALUE_ON_ZERO";
SET time_zone = "+00:00";


/*!40101 SET @OLD_CHARACTER_SET_CLIENT=@@CHARACTER_SET_CLIENT */;
/*!40101 SET @OLD_CHARACTER_SET_RESULTS=@@CHARACTER_SET_RESULTS */;
/*!40101 SET @OLD_COLLATION_CONNECTION=@@COLLATION_CONNECTION */;
/*!40101 SET NAMES utf8 */;

--
-- Database: `VQ_Seek`
--

-- --------------------------------------------------------

--
-- Table structure for table `location`
--

CREATE TABLE IF NOT EXISTS `location` (
  `id` int(10) unsigned NOT NULL AUTO_INCREMENT,
  `location` varchar(255) COLLATE utf8_unicode_ci NOT NULL,
  `created_at` timestamp NOT NULL DEFAULT '0000-00-00 00:00:00',
  `updated_at` timestamp NOT NULL DEFAULT '0000-00-00 00:00:00',
  PRIMARY KEY (`id`)
) ENGINE=InnoDB  DEFAULT CHARSET=utf8 COLLATE=utf8_unicode_ci AUTO_INCREMENT=78 ;

--
-- Dumping data for table `location`
--

INSERT INTO `location` (`id`, `location`, `created_at`, `updated_at`) VALUES
(1, 'Ashburton', '0000-00-00 00:00:00', '0000-00-00 00:00:00'),
(2, 'Auckland', '0000-00-00 00:00:00', '0000-00-00 00:00:00'),
(3, 'Buller', '0000-00-00 00:00:00', '0000-00-00 00:00:00'),
(4, 'Carterton', '0000-00-00 00:00:00', '0000-00-00 00:00:00'),
(5, 'Central Hawke''s Bay', '0000-00-00 00:00:00', '0000-00-00 00:00:00'),
(6, 'Central Otago', '0000-00-00 00:00:00', '0000-00-00 00:00:00'),
(7, 'Christchurch', '0000-00-00 00:00:00', '0000-00-00 00:00:00'),
(8, 'Clutha', '0000-00-00 00:00:00', '0000-00-00 00:00:00'),
(9, 'Dunedin', '0000-00-00 00:00:00', '0000-00-00 00:00:00'),
(10, 'Fairlie', '0000-00-00 00:00:00', '0000-00-00 00:00:00'),
(11, 'Far North', '0000-00-00 00:00:00', '0000-00-00 00:00:00'),
(12, 'Franklin', '0000-00-00 00:00:00', '0000-00-00 00:00:00'),
(13, 'Gisborne', '0000-00-00 00:00:00', '0000-00-00 00:00:00'),
(14, 'Gore', '0000-00-00 00:00:00', '0000-00-00 00:00:00'),
(15, 'Greymouth', '0000-00-00 00:00:00', '0000-00-00 00:00:00'),
(16, 'Hamilton', '0000-00-00 00:00:00', '0000-00-00 00:00:00'),
(17, 'Hastings', '0000-00-00 00:00:00', '0000-00-00 00:00:00'),
(18, 'Hauraki', '0000-00-00 00:00:00', '0000-00-00 00:00:00'),
(19, 'Horowhenua', '0000-00-00 00:00:00', '0000-00-00 00:00:00'),
(20, 'Hurunui', '0000-00-00 00:00:00', '0000-00-00 00:00:00'),
(21, 'Invercargill', '0000-00-00 00:00:00', '0000-00-00 00:00:00'),
(22, 'Kaikoura', '0000-00-00 00:00:00', '0000-00-00 00:00:00'),
(23, 'Kaipara', '0000-00-00 00:00:00', '0000-00-00 00:00:00'),
(24, 'Kapiti Coast', '0000-00-00 00:00:00', '0000-00-00 00:00:00'),
(25, 'Kawerau', '0000-00-00 00:00:00', '0000-00-00 00:00:00'),
(26, 'Lower Hutt', '0000-00-00 00:00:00', '0000-00-00 00:00:00'),
(27, 'Mackenzie', '0000-00-00 00:00:00', '0000-00-00 00:00:00'),
(28, 'Manawatu', '0000-00-00 00:00:00', '0000-00-00 00:00:00'),
(29, 'Manukau', '0000-00-00 00:00:00', '0000-00-00 00:00:00'),
(30, 'Marlborough', '0000-00-00 00:00:00', '0000-00-00 00:00:00'),
(31, 'Masterton', '0000-00-00 00:00:00', '0000-00-00 00:00:00'),
(32, 'Matamata-Piako', '0000-00-00 00:00:00', '0000-00-00 00:00:00'),
(33, 'Maunganui', '0000-00-00 00:00:00', '0000-00-00 00:00:00'),
(34, 'Napier', '0000-00-00 00:00:00', '0000-00-00 00:00:00'),
(35, 'Nelson', '0000-00-00 00:00:00', '0000-00-00 00:00:00'),
(36, 'New Plymouth', '0000-00-00 00:00:00', '0000-00-00 00:00:00'),
(37, 'North Shore', '0000-00-00 00:00:00', '0000-00-00 00:00:00'),
(38, 'Opotiki', '0000-00-00 00:00:00', '0000-00-00 00:00:00'),
(39, 'Otorohanga', '0000-00-00 00:00:00', '0000-00-00 00:00:00'),
(40, 'Palmerston North', '0000-00-00 00:00:00', '0000-00-00 00:00:00'),
(41, 'Papakura', '0000-00-00 00:00:00', '0000-00-00 00:00:00'),
(42, 'Papamoa', '0000-00-00 00:00:00', '0000-00-00 00:00:00'),
(43, 'Paraparaumu', '0000-00-00 00:00:00', '0000-00-00 00:00:00'),
(44, 'Porirua', '0000-00-00 00:00:00', '0000-00-00 00:00:00'),
(45, 'Queenstown', '0000-00-00 00:00:00', '0000-00-00 00:00:00'),
(46, 'Queenstown-Lakes', '0000-00-00 00:00:00', '0000-00-00 00:00:00'),
(47, 'Rangitikei', '0000-00-00 00:00:00', '0000-00-00 00:00:00'),
(48, 'Rodney', '0000-00-00 00:00:00', '0000-00-00 00:00:00'),
(49, 'Rotorua', '0000-00-00 00:00:00', '0000-00-00 00:00:00'),
(50, 'Ruapehu', '0000-00-00 00:00:00', '0000-00-00 00:00:00'),
(51, 'Selwyn', '0000-00-00 00:00:00', '0000-00-00 00:00:00'),
(52, 'South Taranaki', '0000-00-00 00:00:00', '0000-00-00 00:00:00'),
(53, 'South Waikato', '0000-00-00 00:00:00', '0000-00-00 00:00:00'),
(54, 'South Wairarapa', '0000-00-00 00:00:00', '0000-00-00 00:00:00'),
(55, 'Southland', '0000-00-00 00:00:00', '0000-00-00 00:00:00'),
(56, 'Stratford', '0000-00-00 00:00:00', '0000-00-00 00:00:00'),
(57, 'Tararua', '0000-00-00 00:00:00', '0000-00-00 00:00:00'),
(58, 'Tasman', '0000-00-00 00:00:00', '0000-00-00 00:00:00'),
(59, 'Taupo', '0000-00-00 00:00:00', '0000-00-00 00:00:00'),
(60, 'Tauranga', '0000-00-00 00:00:00', '0000-00-00 00:00:00'),
(61, 'Thames-Coromandel', '0000-00-00 00:00:00', '0000-00-00 00:00:00'),
(62, 'Timaru', '0000-00-00 00:00:00', '0000-00-00 00:00:00'),
(63, 'Upper Hutt', '0000-00-00 00:00:00', '0000-00-00 00:00:00'),
(64, 'Waikato', '0000-00-00 00:00:00', '0000-00-00 00:00:00'),
(65, 'Waimakariri', '0000-00-00 00:00:00', '0000-00-00 00:00:00'),
(66, 'Waimate', '0000-00-00 00:00:00', '0000-00-00 00:00:00'),
(67, 'Waipa', '0000-00-00 00:00:00', '0000-00-00 00:00:00'),
(68, 'Wairoa', '0000-00-00 00:00:00', '0000-00-00 00:00:00'),
(69, 'Waitakere', '0000-00-00 00:00:00', '0000-00-00 00:00:00'),
(70, 'Waitaki', '0000-00-00 00:00:00', '0000-00-00 00:00:00'),
(71, 'Waitomo', '0000-00-00 00:00:00', '0000-00-00 00:00:00'),
(72, 'Wanganui', '0000-00-00 00:00:00', '0000-00-00 00:00:00'),
(73, 'Wellington', '0000-00-00 00:00:00', '0000-00-00 00:00:00'),
(74, 'Western Bay of Plenty', '0000-00-00 00:00:00', '0000-00-00 00:00:00'),
(75, 'Westland', '0000-00-00 00:00:00', '0000-00-00 00:00:00'),
(76, 'Whakatane', '0000-00-00 00:00:00', '0000-00-00 00:00:00'),
(77, 'Whangarei', '0000-00-00 00:00:00', '0000-00-00 00:00:00');

-- --------------------------------------------------------

--
-- Table structure for table `suburb`
--

CREATE TABLE IF NOT EXISTS `suburb` (
  `id` int(10) unsigned NOT NULL AUTO_INCREMENT,
  `location_id` int(11) NOT NULL,
  `suburb` varchar(255) COLLATE utf8_unicode_ci NOT NULL,
  `created_at` timestamp NOT NULL DEFAULT '0000-00-00 00:00:00',
  `updated_at` timestamp NOT NULL DEFAULT '0000-00-00 00:00:00',
  PRIMARY KEY (`id`)
) ENGINE=InnoDB  DEFAULT CHARSET=utf8 COLLATE=utf8_unicode_ci AUTO_INCREMENT=1156 ;

--
-- Dumping data for table `suburb`
--

INSERT INTO `suburb` (`id`, `location_id`, `suburb`, `created_at`, `updated_at`) VALUES
(78, 1, 'Allenton', '0000-00-00 00:00:00', '0000-00-00 00:00:00'),
(79, 1, 'Hampstead', '0000-00-00 00:00:00', '0000-00-00 00:00:00'),
(80, 1, 'Methven', '0000-00-00 00:00:00', '0000-00-00 00:00:00'),
(81, 1, 'Netherby', '0000-00-00 00:00:00', '0000-00-00 00:00:00'),
(82, 1, 'Rakaia', '0000-00-00 00:00:00', '0000-00-00 00:00:00'),
(83, 1, 'Tinwald', '0000-00-00 00:00:00', '0000-00-00 00:00:00'),
(84, 2, 'Auckland Central', '0000-00-00 00:00:00', '0000-00-00 00:00:00'),
(85, 2, 'Avondale', '0000-00-00 00:00:00', '0000-00-00 00:00:00'),
(86, 2, 'Blockhouse Bay', '0000-00-00 00:00:00', '0000-00-00 00:00:00'),
(87, 2, 'Eden Terrace', '0000-00-00 00:00:00', '0000-00-00 00:00:00'),
(88, 2, 'Ellerslie', '0000-00-00 00:00:00', '0000-00-00 00:00:00'),
(89, 2, 'Epsom', '0000-00-00 00:00:00', '0000-00-00 00:00:00'),
(90, 2, 'Freemans Bay', '0000-00-00 00:00:00', '0000-00-00 00:00:00'),
(91, 2, 'Glen Innes', '0000-00-00 00:00:00', '0000-00-00 00:00:00'),
(92, 2, 'Glendowie', '0000-00-00 00:00:00', '0000-00-00 00:00:00'),
(93, 2, 'Grafton', '0000-00-00 00:00:00', '0000-00-00 00:00:00'),
(94, 2, 'Greenlane', '0000-00-00 00:00:00', '0000-00-00 00:00:00'),
(95, 2, 'Grey Lynn', '0000-00-00 00:00:00', '0000-00-00 00:00:00'),
(96, 2, 'Herne Bay', '0000-00-00 00:00:00', '0000-00-00 00:00:00'),
(97, 2, 'Hillsborough', '0000-00-00 00:00:00', '0000-00-00 00:00:00'),
(98, 2, 'Kingsland', '0000-00-00 00:00:00', '0000-00-00 00:00:00'),
(99, 2, 'Kohimarama', '0000-00-00 00:00:00', '0000-00-00 00:00:00'),
(100, 2, 'Lynfield', '0000-00-00 00:00:00', '0000-00-00 00:00:00'),
(101, 2, 'Manurewa East', '0000-00-00 00:00:00', '0000-00-00 00:00:00'),
(102, 2, 'Meadowbank', '0000-00-00 00:00:00', '0000-00-00 00:00:00'),
(103, 2, 'Mechanics Bay', '0000-00-00 00:00:00', '0000-00-00 00:00:00'),
(104, 2, 'Mission Bay', '0000-00-00 00:00:00', '0000-00-00 00:00:00'),
(105, 2, 'Mt Albert', '0000-00-00 00:00:00', '0000-00-00 00:00:00'),
(106, 2, 'Mt Eden', '0000-00-00 00:00:00', '0000-00-00 00:00:00'),
(107, 2, 'Mt Roskill', '0000-00-00 00:00:00', '0000-00-00 00:00:00'),
(108, 2, 'Mt Wellington', '0000-00-00 00:00:00', '0000-00-00 00:00:00'),
(109, 2, 'Newmarket', '0000-00-00 00:00:00', '0000-00-00 00:00:00'),
(110, 2, 'Omiha', '0000-00-00 00:00:00', '0000-00-00 00:00:00'),
(111, 2, 'One Tree Hill', '0000-00-00 00:00:00', '0000-00-00 00:00:00'),
(112, 2, 'Onehunga', '0000-00-00 00:00:00', '0000-00-00 00:00:00'),
(113, 2, 'Oneroa', '0000-00-00 00:00:00', '0000-00-00 00:00:00'),
(114, 2, 'Onetangi', '0000-00-00 00:00:00', '0000-00-00 00:00:00'),
(115, 2, 'Orakei', '0000-00-00 00:00:00', '0000-00-00 00:00:00'),
(116, 2, 'Ostend', '0000-00-00 00:00:00', '0000-00-00 00:00:00'),
(117, 2, 'Otahuhu', '0000-00-00 00:00:00', '0000-00-00 00:00:00'),
(118, 2, 'Panmure', '0000-00-00 00:00:00', '0000-00-00 00:00:00'),
(119, 2, 'Parnell', '0000-00-00 00:00:00', '0000-00-00 00:00:00'),
(120, 2, 'Penrose', '0000-00-00 00:00:00', '0000-00-00 00:00:00'),
(121, 2, 'Point Chevalier', '0000-00-00 00:00:00', '0000-00-00 00:00:00'),
(122, 2, 'Point England', '0000-00-00 00:00:00', '0000-00-00 00:00:00'),
(123, 2, 'Ponsonby', '0000-00-00 00:00:00', '0000-00-00 00:00:00'),
(124, 2, 'Rakino Island', '0000-00-00 00:00:00', '0000-00-00 00:00:00'),
(125, 2, 'Remuera', '0000-00-00 00:00:00', '0000-00-00 00:00:00'),
(126, 2, 'Royal Oak', '0000-00-00 00:00:00', '0000-00-00 00:00:00'),
(127, 2, 'Sandringham', '0000-00-00 00:00:00', '0000-00-00 00:00:00'),
(128, 2, 'St Heliers', '0000-00-00 00:00:00', '0000-00-00 00:00:00'),
(129, 2, 'St Johns', '0000-00-00 00:00:00', '0000-00-00 00:00:00'),
(130, 2, 'St Marys Bay', '0000-00-00 00:00:00', '0000-00-00 00:00:00'),
(131, 2, 'Three Kings', '0000-00-00 00:00:00', '0000-00-00 00:00:00'),
(132, 2, 'Waiheke Island', '0000-00-00 00:00:00', '0000-00-00 00:00:00'),
(133, 2, 'Wairere', '0000-00-00 00:00:00', '0000-00-00 00:00:00'),
(134, 2, 'Waterview', '0000-00-00 00:00:00', '0000-00-00 00:00:00'),
(135, 2, 'Western Springs', '0000-00-00 00:00:00', '0000-00-00 00:00:00'),
(136, 2, 'Westhaven', '0000-00-00 00:00:00', '0000-00-00 00:00:00'),
(137, 2, 'Westmere', '0000-00-00 00:00:00', '0000-00-00 00:00:00'),
(138, 3, 'Cape Foulwind', '0000-00-00 00:00:00', '0000-00-00 00:00:00'),
(139, 3, 'Carters Beach', '0000-00-00 00:00:00', '0000-00-00 00:00:00'),
(140, 3, 'Granity', '0000-00-00 00:00:00', '0000-00-00 00:00:00'),
(141, 3, 'Hector', '0000-00-00 00:00:00', '0000-00-00 00:00:00'),
(142, 3, 'Ngakawau', '0000-00-00 00:00:00', '0000-00-00 00:00:00'),
(143, 3, 'Reefton', '0000-00-00 00:00:00', '0000-00-00 00:00:00'),
(144, 3, 'Waimangaroa', '0000-00-00 00:00:00', '0000-00-00 00:00:00'),
(145, 3, 'Westport', '0000-00-00 00:00:00', '0000-00-00 00:00:00'),
(146, 4, 'Carterton', '0000-00-00 00:00:00', '0000-00-00 00:00:00'),
(147, 4, 'Clareville', '0000-00-00 00:00:00', '0000-00-00 00:00:00'),
(148, 5, 'Otane', '0000-00-00 00:00:00', '0000-00-00 00:00:00'),
(149, 5, 'Takapau', '0000-00-00 00:00:00', '0000-00-00 00:00:00'),
(150, 5, 'Waipawa', '0000-00-00 00:00:00', '0000-00-00 00:00:00'),
(151, 5, 'Waipukurau', '0000-00-00 00:00:00', '0000-00-00 00:00:00'),
(152, 6, 'Alexandra', '0000-00-00 00:00:00', '0000-00-00 00:00:00'),
(153, 6, 'Bridge Hill', '0000-00-00 00:00:00', '0000-00-00 00:00:00'),
(154, 6, 'Clyde', '0000-00-00 00:00:00', '0000-00-00 00:00:00'),
(155, 6, 'Cromwell', '0000-00-00 00:00:00', '0000-00-00 00:00:00'),
(156, 6, 'Dumbarton', '0000-00-00 00:00:00', '0000-00-00 00:00:00'),
(157, 6, 'Raes Junction', '0000-00-00 00:00:00', '0000-00-00 00:00:00'),
(158, 6, 'Ranfurly', '0000-00-00 00:00:00', '0000-00-00 00:00:00'),
(159, 6, 'Roxburgh', '0000-00-00 00:00:00', '0000-00-00 00:00:00'),
(160, 6, 'Roxburgh East', '0000-00-00 00:00:00', '0000-00-00 00:00:00'),
(161, 7, 'Addington', '0000-00-00 00:00:00', '0000-00-00 00:00:00'),
(162, 7, 'Akaroa', '0000-00-00 00:00:00', '0000-00-00 00:00:00'),
(163, 7, 'Aranui', '0000-00-00 00:00:00', '0000-00-00 00:00:00'),
(164, 7, 'Avonhead', '0000-00-00 00:00:00', '0000-00-00 00:00:00'),
(165, 7, 'Avonside', '0000-00-00 00:00:00', '0000-00-00 00:00:00'),
(166, 7, 'Barrington', '0000-00-00 00:00:00', '0000-00-00 00:00:00'),
(167, 7, 'Beckenham', '0000-00-00 00:00:00', '0000-00-00 00:00:00'),
(168, 7, 'Belfast', '0000-00-00 00:00:00', '0000-00-00 00:00:00'),
(169, 7, 'Bexley', '0000-00-00 00:00:00', '0000-00-00 00:00:00'),
(170, 7, 'Bottle Lake', '0000-00-00 00:00:00', '0000-00-00 00:00:00'),
(171, 7, 'Bromley', '0000-00-00 00:00:00', '0000-00-00 00:00:00'),
(172, 7, 'Broomfield', '0000-00-00 00:00:00', '0000-00-00 00:00:00'),
(173, 7, 'Bryndwr', '0000-00-00 00:00:00', '0000-00-00 00:00:00'),
(174, 7, 'Burnside', '0000-00-00 00:00:00', '0000-00-00 00:00:00'),
(175, 7, 'Burwood', '0000-00-00 00:00:00', '0000-00-00 00:00:00'),
(176, 7, 'Casebrook', '0000-00-00 00:00:00', '0000-00-00 00:00:00'),
(177, 7, 'Cashmere', '0000-00-00 00:00:00', '0000-00-00 00:00:00'),
(178, 7, 'Cass Bay', '0000-00-00 00:00:00', '0000-00-00 00:00:00'),
(179, 7, 'Christchurch Airport', '0000-00-00 00:00:00', '0000-00-00 00:00:00'),
(180, 7, 'Christchurch Central', '0000-00-00 00:00:00', '0000-00-00 00:00:00'),
(181, 7, 'Corsair Bay', '0000-00-00 00:00:00', '0000-00-00 00:00:00'),
(182, 7, 'Coutts Island', '0000-00-00 00:00:00', '0000-00-00 00:00:00'),
(183, 7, 'Dallington', '0000-00-00 00:00:00', '0000-00-00 00:00:00'),
(184, 7, 'Edgeware', '0000-00-00 00:00:00', '0000-00-00 00:00:00'),
(185, 7, 'Fendalton', '0000-00-00 00:00:00', '0000-00-00 00:00:00'),
(186, 7, 'Ferrymead', '0000-00-00 00:00:00', '0000-00-00 00:00:00'),
(187, 7, 'Governors Bay', '0000-00-00 00:00:00', '0000-00-00 00:00:00'),
(188, 7, 'Halswell', '0000-00-00 00:00:00', '0000-00-00 00:00:00'),
(189, 7, 'Harewood', '0000-00-00 00:00:00', '0000-00-00 00:00:00'),
(190, 7, 'Heathcote Valley', '0000-00-00 00:00:00', '0000-00-00 00:00:00'),
(191, 7, 'Hei Hei', '0000-00-00 00:00:00', '0000-00-00 00:00:00'),
(192, 7, 'Hoon Hay', '0000-00-00 00:00:00', '0000-00-00 00:00:00'),
(193, 7, 'Hornby', '0000-00-00 00:00:00', '0000-00-00 00:00:00'),
(194, 7, 'Hornby South', '0000-00-00 00:00:00', '0000-00-00 00:00:00'),
(195, 7, 'Ilam', '0000-00-00 00:00:00', '0000-00-00 00:00:00'),
(196, 7, 'Kainga', '0000-00-00 00:00:00', '0000-00-00 00:00:00'),
(197, 7, 'Kennedys Bush', '0000-00-00 00:00:00', '0000-00-00 00:00:00'),
(198, 7, 'Linwood', '0000-00-00 00:00:00', '0000-00-00 00:00:00'),
(199, 7, 'Lyttelton', '0000-00-00 00:00:00', '0000-00-00 00:00:00'),
(200, 7, 'Mairehau', '0000-00-00 00:00:00', '0000-00-00 00:00:00'),
(201, 7, 'Marshland', '0000-00-00 00:00:00', '0000-00-00 00:00:00'),
(202, 7, 'Mcleans Island', '0000-00-00 00:00:00', '0000-00-00 00:00:00'),
(203, 7, 'Merivale', '0000-00-00 00:00:00', '0000-00-00 00:00:00'),
(204, 7, 'Middleton', '0000-00-00 00:00:00', '0000-00-00 00:00:00'),
(205, 7, 'Mt Pleasant', '0000-00-00 00:00:00', '0000-00-00 00:00:00'),
(206, 7, 'New Brighton', '0000-00-00 00:00:00', '0000-00-00 00:00:00'),
(207, 7, 'North Beach', '0000-00-00 00:00:00', '0000-00-00 00:00:00'),
(208, 7, 'Northwood', '0000-00-00 00:00:00', '0000-00-00 00:00:00'),
(209, 7, 'Opawa', '0000-00-00 00:00:00', '0000-00-00 00:00:00'),
(210, 7, 'Papanui', '0000-00-00 00:00:00', '0000-00-00 00:00:00'),
(211, 7, 'Parklands', '0000-00-00 00:00:00', '0000-00-00 00:00:00'),
(212, 7, 'Phillipstown', '0000-00-00 00:00:00', '0000-00-00 00:00:00'),
(213, 7, 'Redcliffs', '0000-00-00 00:00:00', '0000-00-00 00:00:00'),
(214, 7, 'Redwood', '0000-00-00 00:00:00', '0000-00-00 00:00:00'),
(215, 7, 'Riccarton', '0000-00-00 00:00:00', '0000-00-00 00:00:00'),
(216, 7, 'Russley', '0000-00-00 00:00:00', '0000-00-00 00:00:00'),
(217, 7, 'Shirley', '0000-00-00 00:00:00', '0000-00-00 00:00:00'),
(218, 7, 'Sockburn', '0000-00-00 00:00:00', '0000-00-00 00:00:00'),
(219, 7, 'Somerfield', '0000-00-00 00:00:00', '0000-00-00 00:00:00'),
(220, 7, 'South New Brighton', '0000-00-00 00:00:00', '0000-00-00 00:00:00'),
(221, 7, 'Southshore', '0000-00-00 00:00:00', '0000-00-00 00:00:00'),
(222, 7, 'Spreydon', '0000-00-00 00:00:00', '0000-00-00 00:00:00'),
(223, 7, 'St Albans', '0000-00-00 00:00:00', '0000-00-00 00:00:00'),
(224, 7, 'St Martins', '0000-00-00 00:00:00', '0000-00-00 00:00:00'),
(225, 7, 'Strowan', '0000-00-00 00:00:00', '0000-00-00 00:00:00'),
(226, 7, 'Styx', '0000-00-00 00:00:00', '0000-00-00 00:00:00'),
(227, 7, 'Sumner', '0000-00-00 00:00:00', '0000-00-00 00:00:00'),
(228, 7, 'Sydenham', '0000-00-00 00:00:00', '0000-00-00 00:00:00'),
(229, 7, 'Templeton', '0000-00-00 00:00:00', '0000-00-00 00:00:00'),
(230, 7, 'Upper Riccarton', '0000-00-00 00:00:00', '0000-00-00 00:00:00'),
(231, 7, 'Waimairi Beach', '0000-00-00 00:00:00', '0000-00-00 00:00:00'),
(232, 7, 'Wainoni', '0000-00-00 00:00:00', '0000-00-00 00:00:00'),
(233, 7, 'Waltham', '0000-00-00 00:00:00', '0000-00-00 00:00:00'),
(234, 7, 'Westmorland', '0000-00-00 00:00:00', '0000-00-00 00:00:00'),
(235, 7, 'Wigram', '0000-00-00 00:00:00', '0000-00-00 00:00:00'),
(236, 7, 'Woolston', '0000-00-00 00:00:00', '0000-00-00 00:00:00'),
(237, 7, 'Yaldhurst', '0000-00-00 00:00:00', '0000-00-00 00:00:00'),
(238, 8, 'Balclutha', '0000-00-00 00:00:00', '0000-00-00 00:00:00'),
(239, 8, 'Clinton', '0000-00-00 00:00:00', '0000-00-00 00:00:00'),
(240, 8, 'Finegand', '0000-00-00 00:00:00', '0000-00-00 00:00:00'),
(241, 8, 'Gabriels Gully', '0000-00-00 00:00:00', '0000-00-00 00:00:00'),
(242, 8, 'Inch Clutha', '0000-00-00 00:00:00', '0000-00-00 00:00:00'),
(243, 8, 'Kaitangata', '0000-00-00 00:00:00', '0000-00-00 00:00:00'),
(244, 8, 'Lawrence', '0000-00-00 00:00:00', '0000-00-00 00:00:00'),
(245, 8, 'Milton', '0000-00-00 00:00:00', '0000-00-00 00:00:00'),
(246, 8, 'Owaka', '0000-00-00 00:00:00', '0000-00-00 00:00:00'),
(247, 8, 'Stirling', '0000-00-00 00:00:00', '0000-00-00 00:00:00'),
(248, 8, 'Tapanui', '0000-00-00 00:00:00', '0000-00-00 00:00:00'),
(249, 9, 'Abbotsford', '0000-00-00 00:00:00', '0000-00-00 00:00:00'),
(250, 9, 'Andersons Bay', '0000-00-00 00:00:00', '0000-00-00 00:00:00'),
(251, 9, 'Balaclava', '0000-00-00 00:00:00', '0000-00-00 00:00:00'),
(252, 9, 'Belleknowes', '0000-00-00 00:00:00', '0000-00-00 00:00:00'),
(253, 9, 'Bradford', '0000-00-00 00:00:00', '0000-00-00 00:00:00'),
(254, 9, 'Brighton', '0000-00-00 00:00:00', '0000-00-00 00:00:00'),
(255, 9, 'Broad Bay', '0000-00-00 00:00:00', '0000-00-00 00:00:00'),
(256, 9, 'Brockville', '0000-00-00 00:00:00', '0000-00-00 00:00:00'),
(257, 9, 'Calton Hill', '0000-00-00 00:00:00', '0000-00-00 00:00:00'),
(258, 9, 'Careys Bay', '0000-00-00 00:00:00', '0000-00-00 00:00:00'),
(259, 9, 'Caversham', '0000-00-00 00:00:00', '0000-00-00 00:00:00'),
(260, 9, 'Chain Hills', '0000-00-00 00:00:00', '0000-00-00 00:00:00'),
(261, 9, 'Clyde Hill', '0000-00-00 00:00:00', '0000-00-00 00:00:00'),
(262, 9, 'Company Bay', '0000-00-00 00:00:00', '0000-00-00 00:00:00'),
(263, 9, 'Concord', '0000-00-00 00:00:00', '0000-00-00 00:00:00'),
(264, 9, 'Corstorphine', '0000-00-00 00:00:00', '0000-00-00 00:00:00'),
(265, 9, 'Dalmore', '0000-00-00 00:00:00', '0000-00-00 00:00:00'),
(266, 9, 'Dunedin Central', '0000-00-00 00:00:00', '0000-00-00 00:00:00'),
(267, 9, 'Dunedin North', '0000-00-00 00:00:00', '0000-00-00 00:00:00'),
(268, 9, 'Dunedin South', '0000-00-00 00:00:00', '0000-00-00 00:00:00'),
(269, 9, 'East Taieri', '0000-00-00 00:00:00', '0000-00-00 00:00:00'),
(270, 9, 'Forbury', '0000-00-00 00:00:00', '0000-00-00 00:00:00'),
(271, 9, 'Glenleith', '0000-00-00 00:00:00', '0000-00-00 00:00:00'),
(272, 9, 'Glenross', '0000-00-00 00:00:00', '0000-00-00 00:00:00'),
(273, 9, 'Green Island', '0000-00-00 00:00:00', '0000-00-00 00:00:00'),
(274, 9, 'Halfway Bush', '0000-00-00 00:00:00', '0000-00-00 00:00:00'),
(275, 9, 'Helensburgh', '0000-00-00 00:00:00', '0000-00-00 00:00:00'),
(276, 9, 'Highcliff', '0000-00-00 00:00:00', '0000-00-00 00:00:00'),
(277, 9, 'Kaikorai', '0000-00-00 00:00:00', '0000-00-00 00:00:00'),
(278, 9, 'Kenmure', '0000-00-00 00:00:00', '0000-00-00 00:00:00'),
(279, 9, 'Kew', '0000-00-00 00:00:00', '0000-00-00 00:00:00'),
(280, 9, 'Kinmont Park', '0000-00-00 00:00:00', '0000-00-00 00:00:00'),
(281, 9, 'Lawyers Head', '0000-00-00 00:00:00', '0000-00-00 00:00:00'),
(282, 9, 'Leith Valley', '0000-00-00 00:00:00', '0000-00-00 00:00:00'),
(283, 9, 'Liberton', '0000-00-00 00:00:00', '0000-00-00 00:00:00'),
(284, 9, 'Lookout Point', '0000-00-00 00:00:00', '0000-00-00 00:00:00'),
(285, 9, 'Macandrew Bay', '0000-00-00 00:00:00', '0000-00-00 00:00:00'),
(286, 9, 'Maori Hill', '0000-00-00 00:00:00', '0000-00-00 00:00:00'),
(287, 9, 'Maryhill', '0000-00-00 00:00:00', '0000-00-00 00:00:00'),
(288, 9, 'Mosgiel', '0000-00-00 00:00:00', '0000-00-00 00:00:00'),
(289, 9, 'Mount Grand', '0000-00-00 00:00:00', '0000-00-00 00:00:00'),
(290, 9, 'Musselburgh', '0000-00-00 00:00:00', '0000-00-00 00:00:00'),
(291, 9, 'North East Valley', '0000-00-00 00:00:00', '0000-00-00 00:00:00'),
(292, 9, 'Ocean Grove', '0000-00-00 00:00:00', '0000-00-00 00:00:00'),
(293, 9, 'Opoho', '0000-00-00 00:00:00', '0000-00-00 00:00:00'),
(294, 9, 'Outram', '0000-00-00 00:00:00', '0000-00-00 00:00:00'),
(295, 9, 'Pine Hill', '0000-00-00 00:00:00', '0000-00-00 00:00:00'),
(296, 9, 'Port Chalmers', '0000-00-00 00:00:00', '0000-00-00 00:00:00'),
(297, 9, 'Portobello', '0000-00-00 00:00:00', '0000-00-00 00:00:00'),
(298, 9, 'Ravensbourne', '0000-00-00 00:00:00', '0000-00-00 00:00:00'),
(299, 9, 'Saint Clair', '0000-00-00 00:00:00', '0000-00-00 00:00:00'),
(300, 9, 'Saint Kilda', '0000-00-00 00:00:00', '0000-00-00 00:00:00'),
(301, 9, 'Saint Leonards', '0000-00-00 00:00:00', '0000-00-00 00:00:00'),
(302, 9, 'Sawyers Bay', '0000-00-00 00:00:00', '0000-00-00 00:00:00'),
(303, 9, 'Shiel Hill', '0000-00-00 00:00:00', '0000-00-00 00:00:00'),
(304, 9, 'Tainui', '0000-00-00 00:00:00', '0000-00-00 00:00:00'),
(305, 9, 'The Glen', '0000-00-00 00:00:00', '0000-00-00 00:00:00'),
(306, 9, 'Upper Junction', '0000-00-00 00:00:00', '0000-00-00 00:00:00'),
(307, 9, 'Vauxhall', '0000-00-00 00:00:00', '0000-00-00 00:00:00'),
(308, 9, 'Waikouaiti', '0000-00-00 00:00:00', '0000-00-00 00:00:00'),
(309, 9, 'Wakari', '0000-00-00 00:00:00', '0000-00-00 00:00:00'),
(310, 9, 'Waldronville', '0000-00-00 00:00:00', '0000-00-00 00:00:00'),
(311, 9, 'Westwood', '0000-00-00 00:00:00', '0000-00-00 00:00:00'),
(312, 9, 'Woodhaugh', '0000-00-00 00:00:00', '0000-00-00 00:00:00'),
(313, 10, 'Fairlie', '0000-00-00 00:00:00', '0000-00-00 00:00:00'),
(314, 11, 'Cable Bay', '0000-00-00 00:00:00', '0000-00-00 00:00:00'),
(315, 11, 'Coopers Beach', '0000-00-00 00:00:00', '0000-00-00 00:00:00'),
(316, 11, 'Kaikohe', '0000-00-00 00:00:00', '0000-00-00 00:00:00'),
(317, 11, 'Kaitaia', '0000-00-00 00:00:00', '0000-00-00 00:00:00'),
(318, 11, 'Kawakawa', '0000-00-00 00:00:00', '0000-00-00 00:00:00'),
(319, 11, 'Kerikeri', '0000-00-00 00:00:00', '0000-00-00 00:00:00'),
(320, 11, 'Mangonui', '0000-00-00 00:00:00', '0000-00-00 00:00:00'),
(321, 11, 'Moerewa', '0000-00-00 00:00:00', '0000-00-00 00:00:00'),
(322, 11, 'Opua', '0000-00-00 00:00:00', '0000-00-00 00:00:00'),
(323, 11, 'Paihia', '0000-00-00 00:00:00', '0000-00-00 00:00:00'),
(324, 11, 'Peria', '0000-00-00 00:00:00', '0000-00-00 00:00:00'),
(325, 11, 'Russell', '0000-00-00 00:00:00', '0000-00-00 00:00:00'),
(326, 11, 'Taipa', '0000-00-00 00:00:00', '0000-00-00 00:00:00'),
(327, 12, 'Clarks Beach', '0000-00-00 00:00:00', '0000-00-00 00:00:00'),
(328, 12, 'Pukekohe', '0000-00-00 00:00:00', '0000-00-00 00:00:00'),
(329, 12, 'Tuakau', '0000-00-00 00:00:00', '0000-00-00 00:00:00'),
(330, 12, 'Waiuku', '0000-00-00 00:00:00', '0000-00-00 00:00:00'),
(331, 13, 'Awapuni', '0000-00-00 00:00:00', '0000-00-00 00:00:00'),
(332, 13, 'Elgin', '0000-00-00 00:00:00', '0000-00-00 00:00:00'),
(333, 13, 'Gisborne', '0000-00-00 00:00:00', '0000-00-00 00:00:00'),
(334, 13, 'Inner Kati', '0000-00-00 00:00:00', '0000-00-00 00:00:00'),
(335, 13, 'Makaraka', '0000-00-00 00:00:00', '0000-00-00 00:00:00'),
(336, 13, 'Mangapapa', '0000-00-00 00:00:00', '0000-00-00 00:00:00'),
(337, 13, 'Matokitoki', '0000-00-00 00:00:00', '0000-00-00 00:00:00'),
(338, 13, 'Okitu', '0000-00-00 00:00:00', '0000-00-00 00:00:00'),
(339, 13, 'Outer Kaiti', '0000-00-00 00:00:00', '0000-00-00 00:00:00'),
(340, 13, 'Riverdale', '0000-00-00 00:00:00', '0000-00-00 00:00:00'),
(341, 13, 'Ruatoria', '0000-00-00 00:00:00', '0000-00-00 00:00:00'),
(342, 13, 'Tamarau', '0000-00-00 00:00:00', '0000-00-00 00:00:00'),
(343, 13, 'Te Hapara', '0000-00-00 00:00:00', '0000-00-00 00:00:00'),
(344, 13, 'Te Karaka', '0000-00-00 00:00:00', '0000-00-00 00:00:00'),
(345, 13, 'Wainui', '0000-00-00 00:00:00', '0000-00-00 00:00:00'),
(346, 13, 'Whataupoko', '0000-00-00 00:00:00', '0000-00-00 00:00:00'),
(347, 14, 'Croydon', '0000-00-00 00:00:00', '0000-00-00 00:00:00'),
(348, 14, 'East Gore', '0000-00-00 00:00:00', '0000-00-00 00:00:00'),
(349, 14, 'Gore', '0000-00-00 00:00:00', '0000-00-00 00:00:00'),
(350, 14, 'Mataura', '0000-00-00 00:00:00', '0000-00-00 00:00:00'),
(351, 14, 'Whiterigg', '0000-00-00 00:00:00', '0000-00-00 00:00:00'),
(352, 15, 'Blackball', '0000-00-00 00:00:00', '0000-00-00 00:00:00'),
(353, 15, 'Blaketown', '0000-00-00 00:00:00', '0000-00-00 00:00:00'),
(354, 15, 'Camerons', '0000-00-00 00:00:00', '0000-00-00 00:00:00'),
(355, 15, 'Coal Creek', '0000-00-00 00:00:00', '0000-00-00 00:00:00'),
(356, 15, 'Cobden', '0000-00-00 00:00:00', '0000-00-00 00:00:00'),
(357, 15, 'Dobson', '0000-00-00 00:00:00', '0000-00-00 00:00:00'),
(358, 15, 'Dunganville', '0000-00-00 00:00:00', '0000-00-00 00:00:00'),
(359, 15, 'Greymouth', '0000-00-00 00:00:00', '0000-00-00 00:00:00'),
(360, 15, 'Hohonu', '0000-00-00 00:00:00', '0000-00-00 00:00:00'),
(361, 15, 'Kaiata', '0000-00-00 00:00:00', '0000-00-00 00:00:00'),
(362, 15, 'Karoro', '0000-00-00 00:00:00', '0000-00-00 00:00:00'),
(363, 15, 'Marsden', '0000-00-00 00:00:00', '0000-00-00 00:00:00'),
(364, 15, 'Nine Mile', '0000-00-00 00:00:00', '0000-00-00 00:00:00'),
(365, 15, 'Point Elizabeth', '0000-00-00 00:00:00', '0000-00-00 00:00:00'),
(366, 15, 'Rapahoe', '0000-00-00 00:00:00', '0000-00-00 00:00:00'),
(367, 15, 'Runanga', '0000-00-00 00:00:00', '0000-00-00 00:00:00'),
(368, 15, 'Rutherglen', '0000-00-00 00:00:00', '0000-00-00 00:00:00'),
(369, 15, 'South Beach', '0000-00-00 00:00:00', '0000-00-00 00:00:00'),
(370, 15, 'Taylorville', '0000-00-00 00:00:00', '0000-00-00 00:00:00'),
(371, 16, 'Avalon Industrial', '0000-00-00 00:00:00', '0000-00-00 00:00:00'),
(372, 16, 'Bader', '0000-00-00 00:00:00', '0000-00-00 00:00:00'),
(373, 16, 'Beerescourt', '0000-00-00 00:00:00', '0000-00-00 00:00:00'),
(374, 16, 'Chartwell', '0000-00-00 00:00:00', '0000-00-00 00:00:00'),
(375, 16, 'Chedworth', '0000-00-00 00:00:00', '0000-00-00 00:00:00'),
(376, 16, 'Claudelands', '0000-00-00 00:00:00', '0000-00-00 00:00:00'),
(377, 16, 'Deanwell', '0000-00-00 00:00:00', '0000-00-00 00:00:00'),
(378, 16, 'Dinsdale', '0000-00-00 00:00:00', '0000-00-00 00:00:00'),
(379, 16, 'Enderley', '0000-00-00 00:00:00', '0000-00-00 00:00:00'),
(380, 16, 'Fairfield', '0000-00-00 00:00:00', '0000-00-00 00:00:00'),
(381, 16, 'Fairview Downs', '0000-00-00 00:00:00', '0000-00-00 00:00:00'),
(382, 16, 'Fitzroy', '0000-00-00 00:00:00', '0000-00-00 00:00:00'),
(383, 16, 'Flagstaff', '0000-00-00 00:00:00', '0000-00-00 00:00:00'),
(384, 16, 'Forest Lake', '0000-00-00 00:00:00', '0000-00-00 00:00:00'),
(385, 16, 'Frankton', '0000-00-00 00:00:00', '0000-00-00 00:00:00'),
(386, 16, 'Glenview', '0000-00-00 00:00:00', '0000-00-00 00:00:00'),
(387, 16, 'Grandview Heights', '0000-00-00 00:00:00', '0000-00-00 00:00:00'),
(388, 16, 'Hamilton Central', '0000-00-00 00:00:00', '0000-00-00 00:00:00'),
(389, 16, 'Hamilton East', '0000-00-00 00:00:00', '0000-00-00 00:00:00'),
(390, 16, 'Hamilton Lake', '0000-00-00 00:00:00', '0000-00-00 00:00:00'),
(391, 16, 'Harrowfield', '0000-00-00 00:00:00', '0000-00-00 00:00:00'),
(392, 16, 'Huntingdon', '0000-00-00 00:00:00', '0000-00-00 00:00:00'),
(393, 16, 'Maeroa', '0000-00-00 00:00:00', '0000-00-00 00:00:00'),
(394, 16, 'Melville', '0000-00-00 00:00:00', '0000-00-00 00:00:00'),
(395, 16, 'Nawton', '0000-00-00 00:00:00', '0000-00-00 00:00:00'),
(396, 16, 'North Huntingdon', '0000-00-00 00:00:00', '0000-00-00 00:00:00'),
(397, 16, 'Northgate Industrial', '0000-00-00 00:00:00', '0000-00-00 00:00:00'),
(398, 16, 'Pukete', '0000-00-00 00:00:00', '0000-00-00 00:00:00'),
(399, 16, 'Pukete Industrial', '0000-00-00 00:00:00', '0000-00-00 00:00:00'),
(400, 16, 'Queenwood', '0000-00-00 00:00:00', '0000-00-00 00:00:00'),
(401, 16, 'Riverlea', '0000-00-00 00:00:00', '0000-00-00 00:00:00'),
(402, 16, 'Rototuna', '0000-00-00 00:00:00', '0000-00-00 00:00:00'),
(403, 16, 'Rototuna North', '0000-00-00 00:00:00', '0000-00-00 00:00:00'),
(404, 16, 'Silverdale', '0000-00-00 00:00:00', '0000-00-00 00:00:00'),
(405, 16, 'St Andrews', '0000-00-00 00:00:00', '0000-00-00 00:00:00'),
(406, 16, 'Tamahere', '0000-00-00 00:00:00', '0000-00-00 00:00:00'),
(407, 16, 'Te Rapa Park', '0000-00-00 00:00:00', '0000-00-00 00:00:00'),
(408, 16, 'Te Rapa Straight', '0000-00-00 00:00:00', '0000-00-00 00:00:00'),
(409, 16, 'Temple View', '0000-00-00 00:00:00', '0000-00-00 00:00:00'),
(410, 16, 'Whitiora', '0000-00-00 00:00:00', '0000-00-00 00:00:00'),
(411, 17, 'Akina', '0000-00-00 00:00:00', '0000-00-00 00:00:00'),
(412, 17, 'Bridge Pa', '0000-00-00 00:00:00', '0000-00-00 00:00:00'),
(413, 17, 'Camberley', '0000-00-00 00:00:00', '0000-00-00 00:00:00'),
(414, 17, 'Clive', '0000-00-00 00:00:00', '0000-00-00 00:00:00'),
(415, 17, 'Flaxmere', '0000-00-00 00:00:00', '0000-00-00 00:00:00'),
(416, 17, 'Frimley', '0000-00-00 00:00:00', '0000-00-00 00:00:00'),
(417, 17, 'Hastings Central', '0000-00-00 00:00:00', '0000-00-00 00:00:00'),
(418, 17, 'Haumoana', '0000-00-00 00:00:00', '0000-00-00 00:00:00'),
(419, 17, 'Havelock North', '0000-00-00 00:00:00', '0000-00-00 00:00:00'),
(420, 17, 'Longlands', '0000-00-00 00:00:00', '0000-00-00 00:00:00'),
(421, 17, 'Mahora', '0000-00-00 00:00:00', '0000-00-00 00:00:00'),
(422, 17, 'Maraetotara', '0000-00-00 00:00:00', '0000-00-00 00:00:00'),
(423, 17, 'Mayfair', '0000-00-00 00:00:00', '0000-00-00 00:00:00'),
(424, 17, 'Raureka', '0000-00-00 00:00:00', '0000-00-00 00:00:00'),
(425, 17, 'St Leonards', '0000-00-00 00:00:00', '0000-00-00 00:00:00'),
(426, 17, 'Te Awanga', '0000-00-00 00:00:00', '0000-00-00 00:00:00'),
(427, 17, 'Tomoana', '0000-00-00 00:00:00', '0000-00-00 00:00:00'),
(428, 17, 'Waipatu', '0000-00-00 00:00:00', '0000-00-00 00:00:00'),
(429, 17, 'Woolwich', '0000-00-00 00:00:00', '0000-00-00 00:00:00'),
(430, 18, 'Karangahake', '0000-00-00 00:00:00', '0000-00-00 00:00:00'),
(431, 18, 'Ngatea', '0000-00-00 00:00:00', '0000-00-00 00:00:00'),
(432, 18, 'Paeroa', '0000-00-00 00:00:00', '0000-00-00 00:00:00'),
(433, 18, 'Turua', '0000-00-00 00:00:00', '0000-00-00 00:00:00'),
(434, 18, 'Waihi', '0000-00-00 00:00:00', '0000-00-00 00:00:00'),
(435, 19, 'Foxton', '0000-00-00 00:00:00', '0000-00-00 00:00:00'),
(436, 19, 'Foxton Beach', '0000-00-00 00:00:00', '0000-00-00 00:00:00'),
(437, 19, 'Levin', '0000-00-00 00:00:00', '0000-00-00 00:00:00'),
(438, 19, 'Shannon', '0000-00-00 00:00:00', '0000-00-00 00:00:00'),
(439, 19, 'Waitarere', '0000-00-00 00:00:00', '0000-00-00 00:00:00'),
(440, 19, 'Waitarere Beach', '0000-00-00 00:00:00', '0000-00-00 00:00:00'),
(441, 20, 'Amberley', '0000-00-00 00:00:00', '0000-00-00 00:00:00'),
(442, 20, 'Cheviot', '0000-00-00 00:00:00', '0000-00-00 00:00:00'),
(443, 20, 'Hanmer Forest Park', '0000-00-00 00:00:00', '0000-00-00 00:00:00'),
(444, 20, 'Hanmer Springs', '0000-00-00 00:00:00', '0000-00-00 00:00:00'),
(445, 20, 'Waiau', '0000-00-00 00:00:00', '0000-00-00 00:00:00'),
(446, 20, 'Waikari', '0000-00-00 00:00:00', '0000-00-00 00:00:00'),
(447, 21, 'Anderson Park', '0000-00-00 00:00:00', '0000-00-00 00:00:00'),
(448, 21, 'Appleby', '0000-00-00 00:00:00', '0000-00-00 00:00:00'),
(449, 21, 'Ascot', '0000-00-00 00:00:00', '0000-00-00 00:00:00'),
(450, 21, 'Avenal', '0000-00-00 00:00:00', '0000-00-00 00:00:00'),
(451, 21, 'Bluff', '0000-00-00 00:00:00', '0000-00-00 00:00:00'),
(452, 21, 'Clifton', '0000-00-00 00:00:00', '0000-00-00 00:00:00'),
(453, 21, 'Georgetown', '0000-00-00 00:00:00', '0000-00-00 00:00:00'),
(454, 21, 'Gladstone', '0000-00-00 00:00:00', '0000-00-00 00:00:00'),
(455, 21, 'Glengarry', '0000-00-00 00:00:00', '0000-00-00 00:00:00'),
(456, 21, 'Grasmere', '0000-00-00 00:00:00', '0000-00-00 00:00:00'),
(457, 21, 'Hargest', '0000-00-00 00:00:00', '0000-00-00 00:00:00'),
(458, 21, 'Hawthorndale', '0000-00-00 00:00:00', '0000-00-00 00:00:00'),
(459, 21, 'Heidelberg', '0000-00-00 00:00:00', '0000-00-00 00:00:00'),
(460, 21, 'Invercargill Airport', '0000-00-00 00:00:00', '0000-00-00 00:00:00'),
(461, 21, 'Invercargill Central', '0000-00-00 00:00:00', '0000-00-00 00:00:00'),
(462, 21, 'Invercargill West', '0000-00-00 00:00:00', '0000-00-00 00:00:00'),
(463, 21, 'Kingswell', '0000-00-00 00:00:00', '0000-00-00 00:00:00'),
(464, 21, 'Lorneville', '0000-00-00 00:00:00', '0000-00-00 00:00:00'),
(465, 21, 'Motu Rimu', '0000-00-00 00:00:00', '0000-00-00 00:00:00'),
(466, 21, 'Newfield', '0000-00-00 00:00:00', '0000-00-00 00:00:00'),
(467, 21, 'Ocean Beach', '0000-00-00 00:00:00', '0000-00-00 00:00:00'),
(468, 21, 'Prestonville', '0000-00-00 00:00:00', '0000-00-00 00:00:00'),
(469, 21, 'Queens Park', '0000-00-00 00:00:00', '0000-00-00 00:00:00'),
(470, 21, 'Rockdale', '0000-00-00 00:00:00', '0000-00-00 00:00:00'),
(471, 21, 'Seaward Bush', '0000-00-00 00:00:00', '0000-00-00 00:00:00'),
(472, 21, 'Strathern', '0000-00-00 00:00:00', '0000-00-00 00:00:00'),
(473, 21, 'Tisbury', '0000-00-00 00:00:00', '0000-00-00 00:00:00'),
(474, 21, 'Turnbull Thomson', '0000-00-00 00:00:00', '0000-00-00 00:00:00'),
(475, 21, 'Waihopai', '0000-00-00 00:00:00', '0000-00-00 00:00:00'),
(476, 21, 'Waikiwi', '0000-00-00 00:00:00', '0000-00-00 00:00:00'),
(477, 21, 'Windsor', '0000-00-00 00:00:00', '0000-00-00 00:00:00'),
(478, 22, 'Kaikoura', '0000-00-00 00:00:00', '0000-00-00 00:00:00'),
(479, 22, 'Kaikoura Flat', '0000-00-00 00:00:00', '0000-00-00 00:00:00'),
(480, 22, 'Kaikoura Peninsula', '0000-00-00 00:00:00', '0000-00-00 00:00:00'),
(481, 22, 'South Bay', '0000-00-00 00:00:00', '0000-00-00 00:00:00'),
(482, 23, 'Awakino Point', '0000-00-00 00:00:00', '0000-00-00 00:00:00'),
(483, 23, 'Dargaville', '0000-00-00 00:00:00', '0000-00-00 00:00:00'),
(484, 23, 'Mangawhai', '0000-00-00 00:00:00', '0000-00-00 00:00:00'),
(485, 23, 'Mangawhai Heads', '0000-00-00 00:00:00', '0000-00-00 00:00:00'),
(486, 23, 'Maungaturoto', '0000-00-00 00:00:00', '0000-00-00 00:00:00'),
(487, 23, 'Ruawai', '0000-00-00 00:00:00', '0000-00-00 00:00:00'),
(488, 23, 'Turiwiri', '0000-00-00 00:00:00', '0000-00-00 00:00:00'),
(489, 24, 'Maungakotukutuku', '0000-00-00 00:00:00', '0000-00-00 00:00:00'),
(490, 24, 'Nikau Valley', '0000-00-00 00:00:00', '0000-00-00 00:00:00'),
(491, 24, 'Otaihanga', '0000-00-00 00:00:00', '0000-00-00 00:00:00'),
(492, 24, 'Otaki', '0000-00-00 00:00:00', '0000-00-00 00:00:00'),
(493, 24, 'Otaki Beach', '0000-00-00 00:00:00', '0000-00-00 00:00:00'),
(494, 24, 'Paekakariki', '0000-00-00 00:00:00', '0000-00-00 00:00:00'),
(495, 24, 'Paraparaumu', '0000-00-00 00:00:00', '0000-00-00 00:00:00'),
(496, 24, 'Paraparaumu Beach', '0000-00-00 00:00:00', '0000-00-00 00:00:00'),
(497, 24, 'Raumati Beach', '0000-00-00 00:00:00', '0000-00-00 00:00:00'),
(498, 24, 'Raumati South', '0000-00-00 00:00:00', '0000-00-00 00:00:00'),
(499, 24, 'Waikanae', '0000-00-00 00:00:00', '0000-00-00 00:00:00'),
(500, 24, 'Waikanae Beach', '0000-00-00 00:00:00', '0000-00-00 00:00:00'),
(501, 24, 'Waikanae Park', '0000-00-00 00:00:00', '0000-00-00 00:00:00'),
(502, 25, 'Kawerau', '0000-00-00 00:00:00', '0000-00-00 00:00:00'),
(503, 26, 'Alicetown', '0000-00-00 00:00:00', '0000-00-00 00:00:00'),
(504, 26, 'Avalon', '0000-00-00 00:00:00', '0000-00-00 00:00:00'),
(505, 26, 'Boulcott', '0000-00-00 00:00:00', '0000-00-00 00:00:00'),
(506, 26, 'Days Bay', '0000-00-00 00:00:00', '0000-00-00 00:00:00'),
(507, 26, 'Eastbourne', '0000-00-00 00:00:00', '0000-00-00 00:00:00'),
(508, 26, 'Epuni', '0000-00-00 00:00:00', '0000-00-00 00:00:00'),
(509, 26, 'Gracefield', '0000-00-00 00:00:00', '0000-00-00 00:00:00'),
(510, 26, 'Harbour View', '0000-00-00 00:00:00', '0000-00-00 00:00:00'),
(511, 26, 'Haywards', '0000-00-00 00:00:00', '0000-00-00 00:00:00'),
(512, 26, 'Kelson', '0000-00-00 00:00:00', '0000-00-00 00:00:00'),
(513, 26, 'Korokoro', '0000-00-00 00:00:00', '0000-00-00 00:00:00'),
(514, 26, 'Lower Hutt Central', '0000-00-00 00:00:00', '0000-00-00 00:00:00'),
(515, 26, 'Lowry Bay', '0000-00-00 00:00:00', '0000-00-00 00:00:00'),
(516, 26, 'Mahina Bay', '0000-00-00 00:00:00', '0000-00-00 00:00:00'),
(517, 26, 'Manor Park', '0000-00-00 00:00:00', '0000-00-00 00:00:00'),
(518, 26, 'Maungaraki', '0000-00-00 00:00:00', '0000-00-00 00:00:00'),
(519, 26, 'Melling', '0000-00-00 00:00:00', '0000-00-00 00:00:00'),
(520, 26, 'Moera', '0000-00-00 00:00:00', '0000-00-00 00:00:00'),
(521, 26, 'Muritai', '0000-00-00 00:00:00', '0000-00-00 00:00:00'),
(522, 26, 'Naenae', '0000-00-00 00:00:00', '0000-00-00 00:00:00'),
(523, 26, 'Normandale', '0000-00-00 00:00:00', '0000-00-00 00:00:00'),
(524, 26, 'Petone', '0000-00-00 00:00:00', '0000-00-00 00:00:00'),
(525, 26, 'Point Howard', '0000-00-00 00:00:00', '0000-00-00 00:00:00'),
(526, 26, 'Seaview', '0000-00-00 00:00:00', '0000-00-00 00:00:00'),
(527, 26, 'Stokes Valley', '0000-00-00 00:00:00', '0000-00-00 00:00:00'),
(528, 26, 'Sunshine Bay', '0000-00-00 00:00:00', '0000-00-00 00:00:00'),
(529, 26, 'Taita', '0000-00-00 00:00:00', '0000-00-00 00:00:00'),
(530, 26, 'Tirohanga', '0000-00-00 00:00:00', '0000-00-00 00:00:00'),
(531, 26, 'Wainuiomata', '0000-00-00 00:00:00', '0000-00-00 00:00:00'),
(532, 26, 'Waiwhetu', '0000-00-00 00:00:00', '0000-00-00 00:00:00'),
(533, 26, 'Waterloo', '0000-00-00 00:00:00', '0000-00-00 00:00:00'),
(534, 26, 'Woburn', '0000-00-00 00:00:00', '0000-00-00 00:00:00'),
(535, 26, 'York Bay', '0000-00-00 00:00:00', '0000-00-00 00:00:00'),
(536, 27, 'Ben Ohau', '0000-00-00 00:00:00', '0000-00-00 00:00:00'),
(537, 27, 'Burkes Pass', '0000-00-00 00:00:00', '0000-00-00 00:00:00'),
(538, 27, 'Mount Cook', '0000-00-00 00:00:00', '0000-00-00 00:00:00'),
(539, 27, 'Mount Cook National Park', '0000-00-00 00:00:00', '0000-00-00 00:00:00'),
(540, 27, 'Ohau', '0000-00-00 00:00:00', '0000-00-00 00:00:00'),
(541, 27, 'Tekapo', '0000-00-00 00:00:00', '0000-00-00 00:00:00'),
(542, 27, 'Twizel', '0000-00-00 00:00:00', '0000-00-00 00:00:00'),
(543, 28, 'Feilding', '0000-00-00 00:00:00', '0000-00-00 00:00:00'),
(544, 28, 'Ohakea', '0000-00-00 00:00:00', '0000-00-00 00:00:00'),
(545, 28, 'Sanson', '0000-00-00 00:00:00', '0000-00-00 00:00:00'),
(546, 28, 'Tangimoana', '0000-00-00 00:00:00', '0000-00-00 00:00:00'),
(547, 29, 'Auckland Airport', '0000-00-00 00:00:00', '0000-00-00 00:00:00'),
(548, 29, 'Beachlands', '0000-00-00 00:00:00', '0000-00-00 00:00:00'),
(549, 29, 'Botany Downs', '0000-00-00 00:00:00', '0000-00-00 00:00:00'),
(550, 29, 'Bucklands Beach', '0000-00-00 00:00:00', '0000-00-00 00:00:00'),
(551, 29, 'Burswood', '0000-00-00 00:00:00', '0000-00-00 00:00:00'),
(552, 29, 'Clendon Park', '0000-00-00 00:00:00', '0000-00-00 00:00:00'),
(553, 29, 'Clover Park', '0000-00-00 00:00:00', '0000-00-00 00:00:00'),
(554, 29, 'Cockle Bay', '0000-00-00 00:00:00', '0000-00-00 00:00:00'),
(555, 29, 'Dannemora', '0000-00-00 00:00:00', '0000-00-00 00:00:00'),
(556, 29, 'East Tamaki', '0000-00-00 00:00:00', '0000-00-00 00:00:00'),
(557, 29, 'Eastern Beach', '0000-00-00 00:00:00', '0000-00-00 00:00:00'),
(558, 29, 'Farm Cove', '0000-00-00 00:00:00', '0000-00-00 00:00:00'),
(559, 29, 'Favona', '0000-00-00 00:00:00', '0000-00-00 00:00:00'),
(560, 29, 'Golflands', '0000-00-00 00:00:00', '0000-00-00 00:00:00'),
(561, 29, 'Goodwood Heights', '0000-00-00 00:00:00', '0000-00-00 00:00:00'),
(562, 29, 'Half Moon Bay', '0000-00-00 00:00:00', '0000-00-00 00:00:00'),
(563, 29, 'Highland Park', '0000-00-00 00:00:00', '0000-00-00 00:00:00'),
(564, 29, 'Howick', '0000-00-00 00:00:00', '0000-00-00 00:00:00'),
(565, 29, 'Huntington Park', '0000-00-00 00:00:00', '0000-00-00 00:00:00'),
(566, 29, 'Mangere', '0000-00-00 00:00:00', '0000-00-00 00:00:00'),
(567, 29, 'Mangere Bridge', '0000-00-00 00:00:00', '0000-00-00 00:00:00'),
(568, 29, 'Mangere East', '0000-00-00 00:00:00', '0000-00-00 00:00:00'),
(569, 29, 'Mangere South', '0000-00-00 00:00:00', '0000-00-00 00:00:00'),
(570, 29, 'Manukau', '0000-00-00 00:00:00', '0000-00-00 00:00:00'),
(571, 29, 'Manurewa', '0000-00-00 00:00:00', '0000-00-00 00:00:00'),
(572, 29, 'Maraetai', '0000-00-00 00:00:00', '0000-00-00 00:00:00'),
(573, 29, 'Ormiston', '0000-00-00 00:00:00', '0000-00-00 00:00:00'),
(574, 29, 'Otara', '0000-00-00 00:00:00', '0000-00-00 00:00:00'),
(575, 29, 'Pakuranga', '0000-00-00 00:00:00', '0000-00-00 00:00:00'),
(576, 29, 'Pakuranga Heights', '0000-00-00 00:00:00', '0000-00-00 00:00:00'),
(577, 29, 'Papatoetoe', '0000-00-00 00:00:00', '0000-00-00 00:00:00'),
(578, 29, 'Randwick Park', '0000-00-00 00:00:00', '0000-00-00 00:00:00'),
(579, 29, 'Shelly Park', '0000-00-00 00:00:00', '0000-00-00 00:00:00'),
(580, 29, 'Somerville', '0000-00-00 00:00:00', '0000-00-00 00:00:00'),
(581, 29, 'The Gardens', '0000-00-00 00:00:00', '0000-00-00 00:00:00'),
(582, 29, 'Wattle Downs', '0000-00-00 00:00:00', '0000-00-00 00:00:00'),
(583, 29, 'Weymouth', '0000-00-00 00:00:00', '0000-00-00 00:00:00'),
(584, 29, 'Wiri', '0000-00-00 00:00:00', '0000-00-00 00:00:00'),
(585, 30, 'Blenheim Central', '0000-00-00 00:00:00', '0000-00-00 00:00:00'),
(586, 30, 'Grovetown', '0000-00-00 00:00:00', '0000-00-00 00:00:00'),
(587, 30, 'Havelock', '0000-00-00 00:00:00', '0000-00-00 00:00:00'),
(588, 30, 'Hawkesbury', '0000-00-00 00:00:00', '0000-00-00 00:00:00'),
(589, 30, 'Islington', '0000-00-00 00:00:00', '0000-00-00 00:00:00'),
(590, 30, 'Mayfield', '0000-00-00 00:00:00', '0000-00-00 00:00:00'),
(591, 30, 'Omaka', '0000-00-00 00:00:00', '0000-00-00 00:00:00'),
(592, 30, 'Picton', '0000-00-00 00:00:00', '0000-00-00 00:00:00'),
(593, 30, 'Redwoodtown', '0000-00-00 00:00:00', '0000-00-00 00:00:00'),
(594, 30, 'Renwick', '0000-00-00 00:00:00', '0000-00-00 00:00:00'),
(595, 30, 'Riversdale', '0000-00-00 00:00:00', '0000-00-00 00:00:00'),
(596, 30, 'Seddon', '0000-00-00 00:00:00', '0000-00-00 00:00:00'),
(597, 30, 'Spring Creek', '0000-00-00 00:00:00', '0000-00-00 00:00:00'),
(598, 30, 'Springlands', '0000-00-00 00:00:00', '0000-00-00 00:00:00'),
(599, 30, 'Taylor Pass', '0000-00-00 00:00:00', '0000-00-00 00:00:00'),
(600, 30, 'Thomsons Ford', '0000-00-00 00:00:00', '0000-00-00 00:00:00'),
(601, 30, 'Waikawa', '0000-00-00 00:00:00', '0000-00-00 00:00:00'),
(602, 30, 'Witherlea', '0000-00-00 00:00:00', '0000-00-00 00:00:00'),
(603, 30, 'Woodbourne', '0000-00-00 00:00:00', '0000-00-00 00:00:00'),
(604, 30, 'Yelverton', '0000-00-00 00:00:00', '0000-00-00 00:00:00'),
(605, 31, 'Homebush', '0000-00-00 00:00:00', '0000-00-00 00:00:00'),
(606, 31, 'Lansdowne', '0000-00-00 00:00:00', '0000-00-00 00:00:00'),
(607, 31, 'Masterton', '0000-00-00 00:00:00', '0000-00-00 00:00:00'),
(608, 31, 'Solway', '0000-00-00 00:00:00', '0000-00-00 00:00:00'),
(609, 31, 'Te Ore Ore', '0000-00-00 00:00:00', '0000-00-00 00:00:00'),
(610, 32, 'Matamata', '0000-00-00 00:00:00', '0000-00-00 00:00:00'),
(611, 32, 'Morrinsville', '0000-00-00 00:00:00', '0000-00-00 00:00:00'),
(612, 32, 'Tamihana', '0000-00-00 00:00:00', '0000-00-00 00:00:00'),
(613, 32, 'Te Aroha', '0000-00-00 00:00:00', '0000-00-00 00:00:00'),
(614, 32, 'Waitoa', '0000-00-00 00:00:00', '0000-00-00 00:00:00'),
(615, 33, 'Maunganui', '0000-00-00 00:00:00', '0000-00-00 00:00:00'),
(616, 34, 'Ahuriri', '0000-00-00 00:00:00', '0000-00-00 00:00:00'),
(617, 34, 'Awatoto', '0000-00-00 00:00:00', '0000-00-00 00:00:00'),
(618, 34, 'Bay View', '0000-00-00 00:00:00', '0000-00-00 00:00:00'),
(619, 34, 'Bluff Hill', '0000-00-00 00:00:00', '0000-00-00 00:00:00'),
(620, 34, 'Greenmeadows', '0000-00-00 00:00:00', '0000-00-00 00:00:00'),
(621, 34, 'Hospital Hill', '0000-00-00 00:00:00', '0000-00-00 00:00:00'),
(622, 34, 'Jervoistown', '0000-00-00 00:00:00', '0000-00-00 00:00:00'),
(623, 34, 'Maraenui', '0000-00-00 00:00:00', '0000-00-00 00:00:00'),
(624, 34, 'Marewa', '0000-00-00 00:00:00', '0000-00-00 00:00:00'),
(625, 34, 'Meeanee', '0000-00-00 00:00:00', '0000-00-00 00:00:00'),
(626, 34, 'Napier South', '0000-00-00 00:00:00', '0000-00-00 00:00:00'),
(627, 34, 'Onekawa', '0000-00-00 00:00:00', '0000-00-00 00:00:00'),
(628, 34, 'Onekawa Industrial', '0000-00-00 00:00:00', '0000-00-00 00:00:00'),
(629, 34, 'Pandora', '0000-00-00 00:00:00', '0000-00-00 00:00:00'),
(630, 34, 'Pirimai', '0000-00-00 00:00:00', '0000-00-00 00:00:00'),
(631, 34, 'Poraiti', '0000-00-00 00:00:00', '0000-00-00 00:00:00'),
(632, 34, 'Tamatea', '0000-00-00 00:00:00', '0000-00-00 00:00:00'),
(633, 34, 'Taradale', '0000-00-00 00:00:00', '0000-00-00 00:00:00'),
(634, 34, 'Te Awa', '0000-00-00 00:00:00', '0000-00-00 00:00:00'),
(635, 34, 'Waiohiki', '0000-00-00 00:00:00', '0000-00-00 00:00:00'),
(636, 34, 'Westshore', '0000-00-00 00:00:00', '0000-00-00 00:00:00'),
(637, 35, 'Annesbrook', '0000-00-00 00:00:00', '0000-00-00 00:00:00'),
(638, 35, 'Atawhai', '0000-00-00 00:00:00', '0000-00-00 00:00:00'),
(639, 35, 'Beachville', '0000-00-00 00:00:00', '0000-00-00 00:00:00'),
(640, 35, 'Bishopdale', '0000-00-00 00:00:00', '0000-00-00 00:00:00'),
(641, 35, 'Britannia Heights', '0000-00-00 00:00:00', '0000-00-00 00:00:00'),
(642, 35, 'Enner Glynn', '0000-00-00 00:00:00', '0000-00-00 00:00:00'),
(643, 35, 'Maitai', '0000-00-00 00:00:00', '0000-00-00 00:00:00'),
(644, 35, 'Marybank', '0000-00-00 00:00:00', '0000-00-00 00:00:00'),
(645, 35, 'Moana', '0000-00-00 00:00:00', '0000-00-00 00:00:00'),
(646, 35, 'Monaco', '0000-00-00 00:00:00', '0000-00-00 00:00:00'),
(647, 35, 'Nelson Airport', '0000-00-00 00:00:00', '0000-00-00 00:00:00'),
(648, 35, 'Nelson Central', '0000-00-00 00:00:00', '0000-00-00 00:00:00'),
(649, 35, 'Nelson South', '0000-00-00 00:00:00', '0000-00-00 00:00:00'),
(650, 35, 'Port Nelson', '0000-00-00 00:00:00', '0000-00-00 00:00:00'),
(651, 35, 'Stepheyville', '0000-00-00 00:00:00', '0000-00-00 00:00:00'),
(652, 35, 'Stoke', '0000-00-00 00:00:00', '0000-00-00 00:00:00'),
(653, 35, 'Tahunanui', '0000-00-00 00:00:00', '0000-00-00 00:00:00'),
(654, 35, 'The Brook', '0000-00-00 00:00:00', '0000-00-00 00:00:00'),
(655, 35, 'The Wood', '0000-00-00 00:00:00', '0000-00-00 00:00:00'),
(656, 35, 'Toi Toi', '0000-00-00 00:00:00', '0000-00-00 00:00:00'),
(657, 35, 'Wakapuaka', '0000-00-00 00:00:00', '0000-00-00 00:00:00'),
(658, 35, 'Wakatu', '0000-00-00 00:00:00', '0000-00-00 00:00:00'),
(659, 35, 'Washington Valley', '0000-00-00 00:00:00', '0000-00-00 00:00:00'),
(660, 36, 'Bell Block', '0000-00-00 00:00:00', '0000-00-00 00:00:00'),
(661, 36, 'Blagdon', '0000-00-00 00:00:00', '0000-00-00 00:00:00'),
(662, 36, 'Brooklands', '0000-00-00 00:00:00', '0000-00-00 00:00:00'),
(663, 36, 'Ferndale', '0000-00-00 00:00:00', '0000-00-00 00:00:00'),
(664, 36, 'Frankleigh Park', '0000-00-00 00:00:00', '0000-00-00 00:00:00'),
(665, 36, 'Glen Avon', '0000-00-00 00:00:00', '0000-00-00 00:00:00'),
(666, 36, 'Highlands Park', '0000-00-00 00:00:00', '0000-00-00 00:00:00'),
(667, 36, 'Hurdon', '0000-00-00 00:00:00', '0000-00-00 00:00:00'),
(668, 36, 'Inglewood', '0000-00-00 00:00:00', '0000-00-00 00:00:00'),
(669, 36, 'Lower Vogeltown', '0000-00-00 00:00:00', '0000-00-00 00:00:00'),
(670, 36, 'Lynmouth', '0000-00-00 00:00:00', '0000-00-00 00:00:00'),
(671, 36, 'Marfell', '0000-00-00 00:00:00', '0000-00-00 00:00:00'),
(672, 36, 'Merrilands', '0000-00-00 00:00:00', '0000-00-00 00:00:00'),
(673, 36, 'Moturoa', '0000-00-00 00:00:00', '0000-00-00 00:00:00'),
(674, 36, 'New Plymouth Central', '0000-00-00 00:00:00', '0000-00-00 00:00:00'),
(675, 36, 'Oakura', '0000-00-00 00:00:00', '0000-00-00 00:00:00'),
(676, 36, 'Okato', '0000-00-00 00:00:00', '0000-00-00 00:00:00'),
(677, 36, 'Port Taranaki', '0000-00-00 00:00:00', '0000-00-00 00:00:00'),
(678, 36, 'Spotswood', '0000-00-00 00:00:00', '0000-00-00 00:00:00'),
(679, 36, 'Strandon', '0000-00-00 00:00:00', '0000-00-00 00:00:00'),
(680, 36, 'Upper Vogeltown', '0000-00-00 00:00:00', '0000-00-00 00:00:00'),
(681, 36, 'Vogeltown', '0000-00-00 00:00:00', '0000-00-00 00:00:00'),
(682, 36, 'Waitara', '0000-00-00 00:00:00', '0000-00-00 00:00:00'),
(683, 36, 'Waiwhakaiho', '0000-00-00 00:00:00', '0000-00-00 00:00:00'),
(684, 36, 'Welbourn', '0000-00-00 00:00:00', '0000-00-00 00:00:00'),
(685, 36, 'Westown', '0000-00-00 00:00:00', '0000-00-00 00:00:00'),
(686, 36, 'Whalers Gate', '0000-00-00 00:00:00', '0000-00-00 00:00:00'),
(687, 37, 'Albany', '0000-00-00 00:00:00', '0000-00-00 00:00:00'),
(688, 37, 'Bayswater', '0000-00-00 00:00:00', '0000-00-00 00:00:00'),
(689, 37, 'Beach Haven', '0000-00-00 00:00:00', '0000-00-00 00:00:00'),
(690, 37, 'Belmont', '0000-00-00 00:00:00', '0000-00-00 00:00:00'),
(691, 37, 'Birkdale', '0000-00-00 00:00:00', '0000-00-00 00:00:00'),
(692, 37, 'Birkenhead', '0000-00-00 00:00:00', '0000-00-00 00:00:00'),
(693, 37, 'Browns Bay', '0000-00-00 00:00:00', '0000-00-00 00:00:00'),
(694, 37, 'Campbells Bay', '0000-00-00 00:00:00', '0000-00-00 00:00:00'),
(695, 37, 'Castor Bay', '0000-00-00 00:00:00', '0000-00-00 00:00:00'),
(696, 37, 'Chatswood', '0000-00-00 00:00:00', '0000-00-00 00:00:00'),
(697, 37, 'Devonport', '0000-00-00 00:00:00', '0000-00-00 00:00:00'),
(698, 37, 'Forrest Hill', '0000-00-00 00:00:00', '0000-00-00 00:00:00'),
(699, 37, 'Glenfield', '0000-00-00 00:00:00', '0000-00-00 00:00:00'),
(700, 37, 'Greenhithe', '0000-00-00 00:00:00', '0000-00-00 00:00:00'),
(701, 37, 'Hauraki', '0000-00-00 00:00:00', '0000-00-00 00:00:00'),
(702, 37, 'Hillcrest', '0000-00-00 00:00:00', '0000-00-00 00:00:00'),
(703, 37, 'Mairangi Bay', '0000-00-00 00:00:00', '0000-00-00 00:00:00'),
(704, 37, 'Marlborough', '0000-00-00 00:00:00', '0000-00-00 00:00:00'),
(705, 37, 'Meadowood', '0000-00-00 00:00:00', '0000-00-00 00:00:00'),
(706, 37, 'Milford', '0000-00-00 00:00:00', '0000-00-00 00:00:00'),
(707, 37, 'Murrays Bay', '0000-00-00 00:00:00', '0000-00-00 00:00:00'),
(708, 37, 'Narrow Neck', '0000-00-00 00:00:00', '0000-00-00 00:00:00'),
(709, 37, 'Northcote', '0000-00-00 00:00:00', '0000-00-00 00:00:00'),
(710, 37, 'Northcross', '0000-00-00 00:00:00', '0000-00-00 00:00:00'),
(711, 37, 'Paremoremo', '0000-00-00 00:00:00', '0000-00-00 00:00:00'),
(712, 37, 'Pinehill', '0000-00-00 00:00:00', '0000-00-00 00:00:00'),
(713, 37, 'Rosedale', '0000-00-00 00:00:00', '0000-00-00 00:00:00'),
(714, 37, 'Rothesay Bay', '0000-00-00 00:00:00', '0000-00-00 00:00:00'),
(715, 37, 'Stanley Point', '0000-00-00 00:00:00', '0000-00-00 00:00:00'),
(716, 37, 'Sunnynook', '0000-00-00 00:00:00', '0000-00-00 00:00:00'),
(717, 37, 'Sunset North', '0000-00-00 00:00:00', '0000-00-00 00:00:00'),
(718, 37, 'Takapuna', '0000-00-00 00:00:00', '0000-00-00 00:00:00'),
(719, 37, 'Torbay', '0000-00-00 00:00:00', '0000-00-00 00:00:00'),
(720, 37, 'Totaravale', '0000-00-00 00:00:00', '0000-00-00 00:00:00'),
(721, 37, 'Waiake', '0000-00-00 00:00:00', '0000-00-00 00:00:00'),
(722, 37, 'Wairau Valley', '0000-00-00 00:00:00', '0000-00-00 00:00:00'),
(723, 38, 'Opotiki', '0000-00-00 00:00:00', '0000-00-00 00:00:00'),
(724, 38, 'Waiotahi', '0000-00-00 00:00:00', '0000-00-00 00:00:00'),
(725, 39, 'Otorohanga', '0000-00-00 00:00:00', '0000-00-00 00:00:00'),
(726, 40, 'Ashhurst', '0000-00-00 00:00:00', '0000-00-00 00:00:00'),
(727, 40, 'Cloverlea', '0000-00-00 00:00:00', '0000-00-00 00:00:00'),
(728, 40, 'Fitzherbert', '0000-00-00 00:00:00', '0000-00-00 00:00:00'),
(729, 40, 'Highbury', '0000-00-00 00:00:00', '0000-00-00 00:00:00'),
(730, 40, 'Hokowhitu', '0000-00-00 00:00:00', '0000-00-00 00:00:00'),
(731, 40, 'Kelvin Grove', '0000-00-00 00:00:00', '0000-00-00 00:00:00'),
(732, 40, 'Linton Military Camp', '0000-00-00 00:00:00', '0000-00-00 00:00:00'),
(733, 40, 'Milson', '0000-00-00 00:00:00', '0000-00-00 00:00:00'),
(734, 40, 'Palmerston North', '0000-00-00 00:00:00', '0000-00-00 00:00:00'),
(735, 40, 'Roslyn', '0000-00-00 00:00:00', '0000-00-00 00:00:00'),
(736, 40, 'Takaro', '0000-00-00 00:00:00', '0000-00-00 00:00:00'),
(737, 40, 'Terrace End', '0000-00-00 00:00:00', '0000-00-00 00:00:00'),
(738, 40, 'West End', '0000-00-00 00:00:00', '0000-00-00 00:00:00'),
(739, 41, 'Alfriston', '0000-00-00 00:00:00', '0000-00-00 00:00:00'),
(740, 41, 'Conifer Grove', '0000-00-00 00:00:00', '0000-00-00 00:00:00'),
(741, 41, 'Drury', '0000-00-00 00:00:00', '0000-00-00 00:00:00'),
(742, 41, 'Opaheke', '0000-00-00 00:00:00', '0000-00-00 00:00:00'),
(743, 41, 'Pahurehure', '0000-00-00 00:00:00', '0000-00-00 00:00:00'),
(744, 41, 'Papakura', '0000-00-00 00:00:00', '0000-00-00 00:00:00'),
(745, 41, 'Red Hill', '0000-00-00 00:00:00', '0000-00-00 00:00:00'),
(746, 41, 'Rosehill', '0000-00-00 00:00:00', '0000-00-00 00:00:00'),
(747, 41, 'Takanini', '0000-00-00 00:00:00', '0000-00-00 00:00:00'),
(748, 42, 'Motiti Island', '0000-00-00 00:00:00', '0000-00-00 00:00:00'),
(749, 43, 'Queen Elizabeth Park', '0000-00-00 00:00:00', '0000-00-00 00:00:00'),
(750, 44, 'Aotea', '0000-00-00 00:00:00', '0000-00-00 00:00:00'),
(751, 44, 'Ascot Park', '0000-00-00 00:00:00', '0000-00-00 00:00:00'),
(752, 44, 'Camborne', '0000-00-00 00:00:00', '0000-00-00 00:00:00'),
(753, 44, 'Cannons Creek', '0000-00-00 00:00:00', '0000-00-00 00:00:00'),
(754, 44, 'Elsdon', '0000-00-00 00:00:00', '0000-00-00 00:00:00'),
(755, 44, 'Mana', '0000-00-00 00:00:00', '0000-00-00 00:00:00'),
(756, 44, 'Papakowhai', '0000-00-00 00:00:00', '0000-00-00 00:00:00'),
(757, 44, 'Paremata', '0000-00-00 00:00:00', '0000-00-00 00:00:00'),
(758, 44, 'Plimmerton', '0000-00-00 00:00:00', '0000-00-00 00:00:00'),
(759, 44, 'Porirua', '0000-00-00 00:00:00', '0000-00-00 00:00:00'),
(760, 44, 'Porirua East', '0000-00-00 00:00:00', '0000-00-00 00:00:00'),
(761, 44, 'Pukerua Bay', '0000-00-00 00:00:00', '0000-00-00 00:00:00'),
(762, 44, 'Ranui Heights', '0000-00-00 00:00:00', '0000-00-00 00:00:00'),
(763, 44, 'Titahi Bay', '0000-00-00 00:00:00', '0000-00-00 00:00:00'),
(764, 44, 'Waitangirua', '0000-00-00 00:00:00', '0000-00-00 00:00:00'),
(765, 44, 'Whitby', '0000-00-00 00:00:00', '0000-00-00 00:00:00'),
(766, 45, 'Queenstown-Lakes', '0000-00-00 00:00:00', '0000-00-00 00:00:00'),
(767, 46, 'Arrowtown', '0000-00-00 00:00:00', '0000-00-00 00:00:00'),
(768, 46, 'Fernhill', '0000-00-00 00:00:00', '0000-00-00 00:00:00'),
(769, 46, 'Kelvin Heights', '0000-00-00 00:00:00', '0000-00-00 00:00:00'),
(770, 46, 'Wanaka', '0000-00-00 00:00:00', '0000-00-00 00:00:00'),
(771, 47, 'Bulls', '0000-00-00 00:00:00', '0000-00-00 00:00:00'),
(772, 47, 'Hunterville', '0000-00-00 00:00:00', '0000-00-00 00:00:00'),
(773, 47, 'Marton', '0000-00-00 00:00:00', '0000-00-00 00:00:00'),
(774, 47, 'Taihape', '0000-00-00 00:00:00', '0000-00-00 00:00:00'),
(775, 48, 'Algies Bay', '0000-00-00 00:00:00', '0000-00-00 00:00:00'),
(776, 48, 'Arkles Bay', '0000-00-00 00:00:00', '0000-00-00 00:00:00'),
(777, 48, 'Army Bay', '0000-00-00 00:00:00', '0000-00-00 00:00:00'),
(778, 48, 'Gulf Harbour', '0000-00-00 00:00:00', '0000-00-00 00:00:00'),
(779, 48, 'Hatfields Beach', '0000-00-00 00:00:00', '0000-00-00 00:00:00'),
(780, 48, 'Helensville', '0000-00-00 00:00:00', '0000-00-00 00:00:00'),
(781, 48, 'Kawau Island', '0000-00-00 00:00:00', '0000-00-00 00:00:00'),
(782, 48, 'Kumeu', '0000-00-00 00:00:00', '0000-00-00 00:00:00'),
(783, 48, 'Manly', '0000-00-00 00:00:00', '0000-00-00 00:00:00'),
(784, 48, 'Orewa', '0000-00-00 00:00:00', '0000-00-00 00:00:00'),
(785, 48, 'Parakai', '0000-00-00 00:00:00', '0000-00-00 00:00:00'),
(786, 48, 'Red Beach', '0000-00-00 00:00:00', '0000-00-00 00:00:00'),
(787, 48, 'Redvale', '0000-00-00 00:00:00', '0000-00-00 00:00:00'),
(788, 48, 'Riverhead', '0000-00-00 00:00:00', '0000-00-00 00:00:00'),
(789, 48, 'Snells Beach', '0000-00-00 00:00:00', '0000-00-00 00:00:00'),
(790, 48, 'Stanmore Bay', '0000-00-00 00:00:00', '0000-00-00 00:00:00'),
(791, 48, 'Tindalls Beach', '0000-00-00 00:00:00', '0000-00-00 00:00:00'),
(792, 48, 'Waimauku', '0000-00-00 00:00:00', '0000-00-00 00:00:00'),
(793, 48, 'Warkworth', '0000-00-00 00:00:00', '0000-00-00 00:00:00'),
(794, 48, 'Wellsford', '0000-00-00 00:00:00', '0000-00-00 00:00:00'),
(795, 49, 'Fairy Springs', '0000-00-00 00:00:00', '0000-00-00 00:00:00'),
(796, 49, 'Fordlands', '0000-00-00 00:00:00', '0000-00-00 00:00:00'),
(797, 49, 'Glenholme', '0000-00-00 00:00:00', '0000-00-00 00:00:00'),
(798, 49, 'Kawaha Point', '0000-00-00 00:00:00', '0000-00-00 00:00:00'),
(799, 49, 'Koutu', '0000-00-00 00:00:00', '0000-00-00 00:00:00'),
(800, 49, 'Lynmore', '0000-00-00 00:00:00', '0000-00-00 00:00:00'),
(801, 49, 'Mamaku', '0000-00-00 00:00:00', '0000-00-00 00:00:00'),
(802, 49, 'Mangakakahi', '0000-00-00 00:00:00', '0000-00-00 00:00:00'),
(803, 49, 'Ngapuna', '0000-00-00 00:00:00', '0000-00-00 00:00:00'),
(804, 49, 'Ngongotaha', '0000-00-00 00:00:00', '0000-00-00 00:00:00'),
(805, 49, 'Ngongotaha Valley', '0000-00-00 00:00:00', '0000-00-00 00:00:00'),
(806, 49, 'Owhata', '0000-00-00 00:00:00', '0000-00-00 00:00:00'),
(807, 49, 'Pukehangi', '0000-00-00 00:00:00', '0000-00-00 00:00:00'),
(808, 49, 'Rotorua', '0000-00-00 00:00:00', '0000-00-00 00:00:00'),
(809, 49, 'Rotorua', '0000-00-00 00:00:00', '0000-00-00 00:00:00'),
(810, 49, 'Selwyn Heights', '0000-00-00 00:00:00', '0000-00-00 00:00:00');
INSERT INTO `suburb` (`id`, `location_id`, `suburb`, `created_at`, `updated_at`) VALUES
(811, 49, 'Springfield', '0000-00-00 00:00:00', '0000-00-00 00:00:00'),
(812, 49, 'Tihoitonga', '0000-00-00 00:00:00', '0000-00-00 00:00:00'),
(813, 49, 'Victoria', '0000-00-00 00:00:00', '0000-00-00 00:00:00'),
(814, 49, 'West Brook', '0000-00-00 00:00:00', '0000-00-00 00:00:00'),
(815, 49, 'Western Heights', '0000-00-00 00:00:00', '0000-00-00 00:00:00'),
(816, 49, 'Whakarewarewa', '0000-00-00 00:00:00', '0000-00-00 00:00:00'),
(817, 50, 'Manunui', '0000-00-00 00:00:00', '0000-00-00 00:00:00'),
(818, 50, 'Ohakune', '0000-00-00 00:00:00', '0000-00-00 00:00:00'),
(819, 50, 'Ohura', '0000-00-00 00:00:00', '0000-00-00 00:00:00'),
(820, 50, 'Raetihi', '0000-00-00 00:00:00', '0000-00-00 00:00:00'),
(821, 50, 'Taumarunui', '0000-00-00 00:00:00', '0000-00-00 00:00:00'),
(822, 50, 'Waiouru', '0000-00-00 00:00:00', '0000-00-00 00:00:00'),
(823, 50, 'Waiouru Military Area', '0000-00-00 00:00:00', '0000-00-00 00:00:00'),
(824, 51, 'Burnham', '0000-00-00 00:00:00', '0000-00-00 00:00:00'),
(825, 51, 'Darfield', '0000-00-00 00:00:00', '0000-00-00 00:00:00'),
(826, 51, 'Leeston', '0000-00-00 00:00:00', '0000-00-00 00:00:00'),
(827, 51, 'Lincoln', '0000-00-00 00:00:00', '0000-00-00 00:00:00'),
(828, 51, 'Prebbleton', '0000-00-00 00:00:00', '0000-00-00 00:00:00'),
(829, 51, 'Rolleston', '0000-00-00 00:00:00', '0000-00-00 00:00:00'),
(830, 51, 'Sheffield', '0000-00-00 00:00:00', '0000-00-00 00:00:00'),
(831, 51, 'Southbridge', '0000-00-00 00:00:00', '0000-00-00 00:00:00'),
(832, 51, 'West Melton', '0000-00-00 00:00:00', '0000-00-00 00:00:00'),
(833, 52, 'Eltham', '0000-00-00 00:00:00', '0000-00-00 00:00:00'),
(834, 52, 'Hawera', '0000-00-00 00:00:00', '0000-00-00 00:00:00'),
(835, 52, 'Manaia', '0000-00-00 00:00:00', '0000-00-00 00:00:00'),
(836, 52, 'Normanby', '0000-00-00 00:00:00', '0000-00-00 00:00:00'),
(837, 52, 'Opunake', '0000-00-00 00:00:00', '0000-00-00 00:00:00'),
(838, 52, 'Patea', '0000-00-00 00:00:00', '0000-00-00 00:00:00'),
(839, 52, 'Waverley', '0000-00-00 00:00:00', '0000-00-00 00:00:00'),
(840, 53, 'Arapuni', '0000-00-00 00:00:00', '0000-00-00 00:00:00'),
(841, 53, 'Lichfield', '0000-00-00 00:00:00', '0000-00-00 00:00:00'),
(842, 53, 'North Putaruru', '0000-00-00 00:00:00', '0000-00-00 00:00:00'),
(843, 53, 'Okoroire', '0000-00-00 00:00:00', '0000-00-00 00:00:00'),
(844, 53, 'Piarere', '0000-00-00 00:00:00', '0000-00-00 00:00:00'),
(845, 53, 'Putaruru', '0000-00-00 00:00:00', '0000-00-00 00:00:00'),
(846, 53, 'Tirau', '0000-00-00 00:00:00', '0000-00-00 00:00:00'),
(847, 53, 'Tokoroa', '0000-00-00 00:00:00', '0000-00-00 00:00:00'),
(848, 54, 'Featherston', '0000-00-00 00:00:00', '0000-00-00 00:00:00'),
(849, 54, 'Greytown', '0000-00-00 00:00:00', '0000-00-00 00:00:00'),
(850, 54, 'Martinborough', '0000-00-00 00:00:00', '0000-00-00 00:00:00'),
(851, 55, 'Birchwood', '0000-00-00 00:00:00', '0000-00-00 00:00:00'),
(852, 55, 'Edendale', '0000-00-00 00:00:00', '0000-00-00 00:00:00'),
(853, 55, 'Lumsden', '0000-00-00 00:00:00', '0000-00-00 00:00:00'),
(854, 55, 'Nightcaps', '0000-00-00 00:00:00', '0000-00-00 00:00:00'),
(855, 55, 'Ohai', '0000-00-00 00:00:00', '0000-00-00 00:00:00'),
(856, 55, 'Otautau', '0000-00-00 00:00:00', '0000-00-00 00:00:00'),
(857, 55, 'Riverton North', '0000-00-00 00:00:00', '0000-00-00 00:00:00'),
(858, 55, 'Riverton Rocks', '0000-00-00 00:00:00', '0000-00-00 00:00:00'),
(859, 55, 'Riverton South', '0000-00-00 00:00:00', '0000-00-00 00:00:00'),
(860, 55, 'Stewart Island', '0000-00-00 00:00:00', '0000-00-00 00:00:00'),
(861, 55, 'Te Anau', '0000-00-00 00:00:00', '0000-00-00 00:00:00'),
(862, 55, 'Tuatapere', '0000-00-00 00:00:00', '0000-00-00 00:00:00'),
(863, 55, 'Wallacetown', '0000-00-00 00:00:00', '0000-00-00 00:00:00'),
(864, 55, 'Winton', '0000-00-00 00:00:00', '0000-00-00 00:00:00'),
(865, 55, 'Wyndham', '0000-00-00 00:00:00', '0000-00-00 00:00:00'),
(866, 56, 'Stratford', '0000-00-00 00:00:00', '0000-00-00 00:00:00'),
(867, 57, 'Dannevirke', '0000-00-00 00:00:00', '0000-00-00 00:00:00'),
(868, 57, 'Eketahuna', '0000-00-00 00:00:00', '0000-00-00 00:00:00'),
(869, 57, 'Pahiatua', '0000-00-00 00:00:00', '0000-00-00 00:00:00'),
(870, 57, 'Woodville', '0000-00-00 00:00:00', '0000-00-00 00:00:00'),
(871, 58, 'Brightwater', '0000-00-00 00:00:00', '0000-00-00 00:00:00'),
(872, 58, 'Hope', '0000-00-00 00:00:00', '0000-00-00 00:00:00'),
(873, 58, 'Lower Moutere', '0000-00-00 00:00:00', '0000-00-00 00:00:00'),
(874, 58, 'Mapua', '0000-00-00 00:00:00', '0000-00-00 00:00:00'),
(875, 58, 'Motueka', '0000-00-00 00:00:00', '0000-00-00 00:00:00'),
(876, 58, 'Murchison', '0000-00-00 00:00:00', '0000-00-00 00:00:00'),
(877, 58, 'Pigeon Valley', '0000-00-00 00:00:00', '0000-00-00 00:00:00'),
(878, 58, 'Richmond', '0000-00-00 00:00:00', '0000-00-00 00:00:00'),
(879, 58, 'Ruby Bay', '0000-00-00 00:00:00', '0000-00-00 00:00:00'),
(880, 58, 'Takaka', '0000-00-00 00:00:00', '0000-00-00 00:00:00'),
(881, 58, 'Wai-iti', '0000-00-00 00:00:00', '0000-00-00 00:00:00'),
(882, 58, 'Wakefield', '0000-00-00 00:00:00', '0000-00-00 00:00:00'),
(883, 59, 'Acacia Bay', '0000-00-00 00:00:00', '0000-00-00 00:00:00'),
(884, 59, 'Mangakino', '0000-00-00 00:00:00', '0000-00-00 00:00:00'),
(885, 59, 'Nukuhau', '0000-00-00 00:00:00', '0000-00-00 00:00:00'),
(886, 59, 'Taupo', '0000-00-00 00:00:00', '0000-00-00 00:00:00'),
(887, 59, 'Tokaanu', '0000-00-00 00:00:00', '0000-00-00 00:00:00'),
(888, 59, 'Turangi', '0000-00-00 00:00:00', '0000-00-00 00:00:00'),
(889, 59, 'Wairakei', '0000-00-00 00:00:00', '0000-00-00 00:00:00'),
(890, 60, 'Bellevue', '0000-00-00 00:00:00', '0000-00-00 00:00:00'),
(891, 60, 'Bethlehem', '0000-00-00 00:00:00', '0000-00-00 00:00:00'),
(892, 60, 'Brookfield', '0000-00-00 00:00:00', '0000-00-00 00:00:00'),
(893, 60, 'Gate Pa', '0000-00-00 00:00:00', '0000-00-00 00:00:00'),
(894, 60, 'Greerton', '0000-00-00 00:00:00', '0000-00-00 00:00:00'),
(895, 60, 'Hairini', '0000-00-00 00:00:00', '0000-00-00 00:00:00'),
(896, 60, 'Judea', '0000-00-00 00:00:00', '0000-00-00 00:00:00'),
(897, 60, 'Kairua', '0000-00-00 00:00:00', '0000-00-00 00:00:00'),
(898, 60, 'Matapihi', '0000-00-00 00:00:00', '0000-00-00 00:00:00'),
(899, 60, 'Matua', '0000-00-00 00:00:00', '0000-00-00 00:00:00'),
(900, 60, 'Maungatapu', '0000-00-00 00:00:00', '0000-00-00 00:00:00'),
(901, 60, 'Mt Maunganui', '0000-00-00 00:00:00', '0000-00-00 00:00:00'),
(902, 60, 'Otumoetai', '0000-00-00 00:00:00', '0000-00-00 00:00:00'),
(903, 60, 'Papamoa Beach', '0000-00-00 00:00:00', '0000-00-00 00:00:00'),
(904, 60, 'Parkvale', '0000-00-00 00:00:00', '0000-00-00 00:00:00'),
(905, 60, 'Poike', '0000-00-00 00:00:00', '0000-00-00 00:00:00'),
(906, 60, 'Pyes Pa', '0000-00-00 00:00:00', '0000-00-00 00:00:00'),
(907, 60, 'Tauranga', '0000-00-00 00:00:00', '0000-00-00 00:00:00'),
(908, 60, 'Tauranga South', '0000-00-00 00:00:00', '0000-00-00 00:00:00'),
(909, 60, 'Tauriko', '0000-00-00 00:00:00', '0000-00-00 00:00:00'),
(910, 60, 'Welcome Bay', '0000-00-00 00:00:00', '0000-00-00 00:00:00'),
(911, 61, 'Coromandel', '0000-00-00 00:00:00', '0000-00-00 00:00:00'),
(912, 61, 'Preece Point', '0000-00-00 00:00:00', '0000-00-00 00:00:00'),
(913, 61, 'Tairua', '0000-00-00 00:00:00', '0000-00-00 00:00:00'),
(914, 61, 'Te Rerenga', '0000-00-00 00:00:00', '0000-00-00 00:00:00'),
(915, 61, 'Thames', '0000-00-00 00:00:00', '0000-00-00 00:00:00'),
(916, 61, 'Whangamata', '0000-00-00 00:00:00', '0000-00-00 00:00:00'),
(917, 61, 'Whitianga', '0000-00-00 00:00:00', '0000-00-00 00:00:00'),
(918, 62, 'Denfield', '0000-00-00 00:00:00', '0000-00-00 00:00:00'),
(919, 62, 'Fairview', '0000-00-00 00:00:00', '0000-00-00 00:00:00'),
(920, 62, 'Geraldine', '0000-00-00 00:00:00', '0000-00-00 00:00:00'),
(921, 62, 'Gleniti', '0000-00-00 00:00:00', '0000-00-00 00:00:00'),
(922, 62, 'Glenwood', '0000-00-00 00:00:00', '0000-00-00 00:00:00'),
(923, 62, 'Highfield', '0000-00-00 00:00:00', '0000-00-00 00:00:00'),
(924, 62, 'Kingsdown', '0000-00-00 00:00:00', '0000-00-00 00:00:00'),
(925, 62, 'Maori Park', '0000-00-00 00:00:00', '0000-00-00 00:00:00'),
(926, 62, 'Marchwiel', '0000-00-00 00:00:00', '0000-00-00 00:00:00'),
(927, 62, 'Oceanview', '0000-00-00 00:00:00', '0000-00-00 00:00:00'),
(928, 62, 'Otipua Creek', '0000-00-00 00:00:00', '0000-00-00 00:00:00'),
(929, 62, 'Parkside', '0000-00-00 00:00:00', '0000-00-00 00:00:00'),
(930, 62, 'Pleasant Point', '0000-00-00 00:00:00', '0000-00-00 00:00:00'),
(931, 62, 'Redruth', '0000-00-00 00:00:00', '0000-00-00 00:00:00'),
(932, 62, 'Scarborough', '0000-00-00 00:00:00', '0000-00-00 00:00:00'),
(933, 62, 'Temuka', '0000-00-00 00:00:00', '0000-00-00 00:00:00'),
(934, 62, 'Timaru Central', '0000-00-00 00:00:00', '0000-00-00 00:00:00'),
(935, 62, 'Timaru Port', '0000-00-00 00:00:00', '0000-00-00 00:00:00'),
(936, 62, 'Totara Valley', '0000-00-00 00:00:00', '0000-00-00 00:00:00'),
(937, 62, 'Waimataitai', '0000-00-00 00:00:00', '0000-00-00 00:00:00'),
(938, 62, 'Washdyke', '0000-00-00 00:00:00', '0000-00-00 00:00:00'),
(939, 62, 'Washdyke Flat', '0000-00-00 00:00:00', '0000-00-00 00:00:00'),
(940, 62, 'Watlington', '0000-00-00 00:00:00', '0000-00-00 00:00:00'),
(941, 63, 'Birchville', '0000-00-00 00:00:00', '0000-00-00 00:00:00'),
(942, 63, 'Brown Owl', '0000-00-00 00:00:00', '0000-00-00 00:00:00'),
(943, 63, 'Clouston Park', '0000-00-00 00:00:00', '0000-00-00 00:00:00'),
(944, 63, 'Ebdentown', '0000-00-00 00:00:00', '0000-00-00 00:00:00'),
(945, 63, 'Elderslea', '0000-00-00 00:00:00', '0000-00-00 00:00:00'),
(946, 63, 'Heretaunga', '0000-00-00 00:00:00', '0000-00-00 00:00:00'),
(947, 63, 'Kingsley Heights', '0000-00-00 00:00:00', '0000-00-00 00:00:00'),
(948, 63, 'Maidstone', '0000-00-00 00:00:00', '0000-00-00 00:00:00'),
(949, 63, 'Maoribank', '0000-00-00 00:00:00', '0000-00-00 00:00:00'),
(950, 63, 'Pinehaven', '0000-00-00 00:00:00', '0000-00-00 00:00:00'),
(951, 63, 'Rimutaka Hill', '0000-00-00 00:00:00', '0000-00-00 00:00:00'),
(952, 63, 'Riverstone Terraces', '0000-00-00 00:00:00', '0000-00-00 00:00:00'),
(953, 63, 'Silverstream', '0000-00-00 00:00:00', '0000-00-00 00:00:00'),
(954, 63, 'Te Marua', '0000-00-00 00:00:00', '0000-00-00 00:00:00'),
(955, 63, 'Timberlea', '0000-00-00 00:00:00', '0000-00-00 00:00:00'),
(956, 63, 'Totara Park', '0000-00-00 00:00:00', '0000-00-00 00:00:00'),
(957, 63, 'Trentham', '0000-00-00 00:00:00', '0000-00-00 00:00:00'),
(958, 63, 'Trentham Military Camp', '0000-00-00 00:00:00', '0000-00-00 00:00:00'),
(959, 63, 'Upper Hutt Central', '0000-00-00 00:00:00', '0000-00-00 00:00:00'),
(960, 63, 'Wallaceville', '0000-00-00 00:00:00', '0000-00-00 00:00:00'),
(961, 64, 'Huntly', '0000-00-00 00:00:00', '0000-00-00 00:00:00'),
(962, 64, 'Ngaruawahia', '0000-00-00 00:00:00', '0000-00-00 00:00:00'),
(963, 64, 'Puketaha', '0000-00-00 00:00:00', '0000-00-00 00:00:00'),
(964, 64, 'Raglan', '0000-00-00 00:00:00', '0000-00-00 00:00:00'),
(965, 64, 'Taupiri', '0000-00-00 00:00:00', '0000-00-00 00:00:00'),
(966, 64, 'Te Kauwhata', '0000-00-00 00:00:00', '0000-00-00 00:00:00'),
(967, 64, 'Waikato Hospital', '0000-00-00 00:00:00', '0000-00-00 00:00:00'),
(968, 65, 'Camside', '0000-00-00 00:00:00', '0000-00-00 00:00:00'),
(969, 65, 'Fernside', '0000-00-00 00:00:00', '0000-00-00 00:00:00'),
(970, 65, 'Kaiapoi', '0000-00-00 00:00:00', '0000-00-00 00:00:00'),
(971, 65, 'Kairaki Beach', '0000-00-00 00:00:00', '0000-00-00 00:00:00'),
(972, 65, 'Oxford', '0000-00-00 00:00:00', '0000-00-00 00:00:00'),
(973, 65, 'Pines Beach', '0000-00-00 00:00:00', '0000-00-00 00:00:00'),
(974, 65, 'Rangiora', '0000-00-00 00:00:00', '0000-00-00 00:00:00'),
(975, 65, 'Starvation Hill', '0000-00-00 00:00:00', '0000-00-00 00:00:00'),
(976, 65, 'Tuahiwi', '0000-00-00 00:00:00', '0000-00-00 00:00:00'),
(977, 65, 'Waikuku', '0000-00-00 00:00:00', '0000-00-00 00:00:00'),
(978, 65, 'Waikuku Beach', '0000-00-00 00:00:00', '0000-00-00 00:00:00'),
(979, 65, 'Woodend', '0000-00-00 00:00:00', '0000-00-00 00:00:00'),
(980, 65, 'Woodend Beach', '0000-00-00 00:00:00', '0000-00-00 00:00:00'),
(981, 66, 'Cattle Creek', '0000-00-00 00:00:00', '0000-00-00 00:00:00'),
(982, 66, 'Hakataramea', '0000-00-00 00:00:00', '0000-00-00 00:00:00'),
(983, 66, 'Waimate', '0000-00-00 00:00:00', '0000-00-00 00:00:00'),
(984, 67, 'Cambridge', '0000-00-00 00:00:00', '0000-00-00 00:00:00'),
(985, 67, 'Kihikihi', '0000-00-00 00:00:00', '0000-00-00 00:00:00'),
(986, 67, 'Leamington', '0000-00-00 00:00:00', '0000-00-00 00:00:00'),
(987, 67, 'Ohaupo', '0000-00-00 00:00:00', '0000-00-00 00:00:00'),
(988, 67, 'Pirongia', '0000-00-00 00:00:00', '0000-00-00 00:00:00'),
(989, 67, 'Te Awamutu', '0000-00-00 00:00:00', '0000-00-00 00:00:00'),
(990, 68, 'Frasertown', '0000-00-00 00:00:00', '0000-00-00 00:00:00'),
(991, 68, 'Wairoa', '0000-00-00 00:00:00', '0000-00-00 00:00:00'),
(992, 69, 'Cornwallis', '0000-00-00 00:00:00', '0000-00-00 00:00:00'),
(993, 69, 'Glen Eden', '0000-00-00 00:00:00', '0000-00-00 00:00:00'),
(994, 69, 'Glendene', '0000-00-00 00:00:00', '0000-00-00 00:00:00'),
(995, 69, 'Green Bay', '0000-00-00 00:00:00', '0000-00-00 00:00:00'),
(996, 69, 'Henderson', '0000-00-00 00:00:00', '0000-00-00 00:00:00'),
(997, 69, 'Henderson Valley', '0000-00-00 00:00:00', '0000-00-00 00:00:00'),
(998, 69, 'Herald Island', '0000-00-00 00:00:00', '0000-00-00 00:00:00'),
(999, 69, 'Hobsonville', '0000-00-00 00:00:00', '0000-00-00 00:00:00'),
(1000, 69, 'Huia', '0000-00-00 00:00:00', '0000-00-00 00:00:00'),
(1001, 69, 'Kelston', '0000-00-00 00:00:00', '0000-00-00 00:00:00'),
(1002, 69, 'Laingholm', '0000-00-00 00:00:00', '0000-00-00 00:00:00'),
(1003, 69, 'Massey', '0000-00-00 00:00:00', '0000-00-00 00:00:00'),
(1004, 69, 'New Lynn', '0000-00-00 00:00:00', '0000-00-00 00:00:00'),
(1005, 69, 'Nihotupu', '0000-00-00 00:00:00', '0000-00-00 00:00:00'),
(1006, 69, 'Oratia', '0000-00-00 00:00:00', '0000-00-00 00:00:00'),
(1007, 69, 'Parau', '0000-00-00 00:00:00', '0000-00-00 00:00:00'),
(1008, 69, 'Ranui', '0000-00-00 00:00:00', '0000-00-00 00:00:00'),
(1009, 69, 'Sunnyvale', '0000-00-00 00:00:00', '0000-00-00 00:00:00'),
(1010, 69, 'Swanson', '0000-00-00 00:00:00', '0000-00-00 00:00:00'),
(1011, 69, 'Te Atatu Peninsula', '0000-00-00 00:00:00', '0000-00-00 00:00:00'),
(1012, 69, 'Te Atatu South', '0000-00-00 00:00:00', '0000-00-00 00:00:00'),
(1013, 69, 'Titirangi', '0000-00-00 00:00:00', '0000-00-00 00:00:00'),
(1014, 69, 'Waiatarua', '0000-00-00 00:00:00', '0000-00-00 00:00:00'),
(1015, 69, 'Waitakere', '0000-00-00 00:00:00', '0000-00-00 00:00:00'),
(1016, 69, 'West Harbour', '0000-00-00 00:00:00', '0000-00-00 00:00:00'),
(1017, 69, 'Whenuapai', '0000-00-00 00:00:00', '0000-00-00 00:00:00'),
(1018, 70, 'Ardgowan', '0000-00-00 00:00:00', '0000-00-00 00:00:00'),
(1019, 70, 'Aviemore', '0000-00-00 00:00:00', '0000-00-00 00:00:00'),
(1020, 70, 'Awamoa', '0000-00-00 00:00:00', '0000-00-00 00:00:00'),
(1021, 70, 'Ben Omar', '0000-00-00 00:00:00', '0000-00-00 00:00:00'),
(1022, 70, 'Deborah', '0000-00-00 00:00:00', '0000-00-00 00:00:00'),
(1023, 70, 'Hampden', '0000-00-00 00:00:00', '0000-00-00 00:00:00'),
(1024, 70, 'Hillgrove', '0000-00-00 00:00:00', '0000-00-00 00:00:00'),
(1025, 70, 'Holmes Hill', '0000-00-00 00:00:00', '0000-00-00 00:00:00'),
(1026, 70, 'Huxley Gorge', '0000-00-00 00:00:00', '0000-00-00 00:00:00'),
(1027, 70, 'Kurow', '0000-00-00 00:00:00', '0000-00-00 00:00:00'),
(1028, 70, 'Makareao', '0000-00-00 00:00:00', '0000-00-00 00:00:00'),
(1029, 70, 'Oamaru Central', '0000-00-00 00:00:00', '0000-00-00 00:00:00'),
(1030, 70, 'Oamaru North', '0000-00-00 00:00:00', '0000-00-00 00:00:00'),
(1031, 70, 'Omarama', '0000-00-00 00:00:00', '0000-00-00 00:00:00'),
(1032, 70, 'Otematata', '0000-00-00 00:00:00', '0000-00-00 00:00:00'),
(1033, 70, 'Otiake', '0000-00-00 00:00:00', '0000-00-00 00:00:00'),
(1034, 70, 'Palmerston', '0000-00-00 00:00:00', '0000-00-00 00:00:00'),
(1035, 70, 'Quailburn', '0000-00-00 00:00:00', '0000-00-00 00:00:00'),
(1036, 70, 'South Hill', '0000-00-00 00:00:00', '0000-00-00 00:00:00'),
(1037, 70, 'Totara Peak', '0000-00-00 00:00:00', '0000-00-00 00:00:00'),
(1038, 70, 'Waianakarua', '0000-00-00 00:00:00', '0000-00-00 00:00:00'),
(1039, 70, 'Waiareka Junction', '0000-00-00 00:00:00', '0000-00-00 00:00:00'),
(1040, 70, 'Waynes', '0000-00-00 00:00:00', '0000-00-00 00:00:00'),
(1041, 70, 'Weston', '0000-00-00 00:00:00', '0000-00-00 00:00:00'),
(1042, 70, 'Whitstone', '0000-00-00 00:00:00', '0000-00-00 00:00:00'),
(1043, 71, 'Piopio', '0000-00-00 00:00:00', '0000-00-00 00:00:00'),
(1044, 71, 'Te Kuiti', '0000-00-00 00:00:00', '0000-00-00 00:00:00'),
(1045, 72, 'Aramoho', '0000-00-00 00:00:00', '0000-00-00 00:00:00'),
(1046, 72, 'Balgownie', '0000-00-00 00:00:00', '0000-00-00 00:00:00'),
(1047, 72, 'Castlecliff', '0000-00-00 00:00:00', '0000-00-00 00:00:00'),
(1048, 72, 'College Estate', '0000-00-00 00:00:00', '0000-00-00 00:00:00'),
(1049, 72, 'Durie Hill', '0000-00-00 00:00:00', '0000-00-00 00:00:00'),
(1050, 72, 'Gonville', '0000-00-00 00:00:00', '0000-00-00 00:00:00'),
(1051, 72, 'Kowhai Park', '0000-00-00 00:00:00', '0000-00-00 00:00:00'),
(1052, 72, 'Okoia', '0000-00-00 00:00:00', '0000-00-00 00:00:00'),
(1053, 72, 'Otamatea', '0000-00-00 00:00:00', '0000-00-00 00:00:00'),
(1054, 72, 'Putiki', '0000-00-00 00:00:00', '0000-00-00 00:00:00'),
(1055, 72, 'Springvale', '0000-00-00 00:00:00', '0000-00-00 00:00:00'),
(1056, 72, 'St Johns Hill', '0000-00-00 00:00:00', '0000-00-00 00:00:00'),
(1057, 72, 'Tawhero', '0000-00-00 00:00:00', '0000-00-00 00:00:00'),
(1058, 72, 'Wanganui Airport', '0000-00-00 00:00:00', '0000-00-00 00:00:00'),
(1059, 72, 'Wanganui Central', '0000-00-00 00:00:00', '0000-00-00 00:00:00'),
(1060, 72, 'Wanganui East', '0000-00-00 00:00:00', '0000-00-00 00:00:00'),
(1061, 73, 'Aro Valley', '0000-00-00 00:00:00', '0000-00-00 00:00:00'),
(1062, 73, 'Berhampore', '0000-00-00 00:00:00', '0000-00-00 00:00:00'),
(1063, 73, 'Breaker Bay', '0000-00-00 00:00:00', '0000-00-00 00:00:00'),
(1064, 73, 'Broadmeadows', '0000-00-00 00:00:00', '0000-00-00 00:00:00'),
(1065, 73, 'Brooklyn', '0000-00-00 00:00:00', '0000-00-00 00:00:00'),
(1066, 73, 'Churton Park', '0000-00-00 00:00:00', '0000-00-00 00:00:00'),
(1067, 73, 'Crofton Downs', '0000-00-00 00:00:00', '0000-00-00 00:00:00'),
(1068, 73, 'Glenside', '0000-00-00 00:00:00', '0000-00-00 00:00:00'),
(1069, 73, 'Grenada North', '0000-00-00 00:00:00', '0000-00-00 00:00:00'),
(1070, 73, 'Grenada Village', '0000-00-00 00:00:00', '0000-00-00 00:00:00'),
(1071, 73, 'Hataitai', '0000-00-00 00:00:00', '0000-00-00 00:00:00'),
(1072, 73, 'Horokiwi', '0000-00-00 00:00:00', '0000-00-00 00:00:00'),
(1073, 73, 'Houghton Bay', '0000-00-00 00:00:00', '0000-00-00 00:00:00'),
(1074, 73, 'Island Bay', '0000-00-00 00:00:00', '0000-00-00 00:00:00'),
(1075, 73, 'Johnsonville', '0000-00-00 00:00:00', '0000-00-00 00:00:00'),
(1076, 73, 'Kaiwharawhara', '0000-00-00 00:00:00', '0000-00-00 00:00:00'),
(1077, 73, 'Karaka Bays', '0000-00-00 00:00:00', '0000-00-00 00:00:00'),
(1078, 73, 'Karori', '0000-00-00 00:00:00', '0000-00-00 00:00:00'),
(1079, 73, 'Kelburn', '0000-00-00 00:00:00', '0000-00-00 00:00:00'),
(1080, 73, 'Khandallah', '0000-00-00 00:00:00', '0000-00-00 00:00:00'),
(1081, 73, 'Kilbirnie', '0000-00-00 00:00:00', '0000-00-00 00:00:00'),
(1082, 73, 'Kingston', '0000-00-00 00:00:00', '0000-00-00 00:00:00'),
(1083, 73, 'Lyall Bay', '0000-00-00 00:00:00', '0000-00-00 00:00:00'),
(1084, 73, 'Maupuia', '0000-00-00 00:00:00', '0000-00-00 00:00:00'),
(1085, 73, 'Melrose', '0000-00-00 00:00:00', '0000-00-00 00:00:00'),
(1086, 73, 'Miramar', '0000-00-00 00:00:00', '0000-00-00 00:00:00'),
(1087, 73, 'Moa Point', '0000-00-00 00:00:00', '0000-00-00 00:00:00'),
(1088, 73, 'Mornington', '0000-00-00 00:00:00', '0000-00-00 00:00:00'),
(1089, 73, 'Mt Cook', '0000-00-00 00:00:00', '0000-00-00 00:00:00'),
(1090, 73, 'Mt Victoria', '0000-00-00 00:00:00', '0000-00-00 00:00:00'),
(1091, 73, 'Newlands', '0000-00-00 00:00:00', '0000-00-00 00:00:00'),
(1092, 73, 'Newtown', '0000-00-00 00:00:00', '0000-00-00 00:00:00'),
(1093, 73, 'Ngaio', '0000-00-00 00:00:00', '0000-00-00 00:00:00'),
(1094, 73, 'Ngauranga', '0000-00-00 00:00:00', '0000-00-00 00:00:00'),
(1095, 73, 'Northland', '0000-00-00 00:00:00', '0000-00-00 00:00:00'),
(1096, 73, 'Ohariu', '0000-00-00 00:00:00', '0000-00-00 00:00:00'),
(1097, 73, 'Oriental Bay', '0000-00-00 00:00:00', '0000-00-00 00:00:00'),
(1098, 73, 'Owhiro Bay', '0000-00-00 00:00:00', '0000-00-00 00:00:00'),
(1099, 73, 'Paparangi', '0000-00-00 00:00:00', '0000-00-00 00:00:00'),
(1100, 73, 'Pipitea', '0000-00-00 00:00:00', '0000-00-00 00:00:00'),
(1101, 73, 'Rongotai', '0000-00-00 00:00:00', '0000-00-00 00:00:00'),
(1102, 73, 'Roseneath', '0000-00-00 00:00:00', '0000-00-00 00:00:00'),
(1103, 73, 'Seatoun', '0000-00-00 00:00:00', '0000-00-00 00:00:00'),
(1104, 73, 'Southgate', '0000-00-00 00:00:00', '0000-00-00 00:00:00'),
(1105, 73, 'Strathmore Park', '0000-00-00 00:00:00', '0000-00-00 00:00:00'),
(1106, 73, 'Takapu Valley', '0000-00-00 00:00:00', '0000-00-00 00:00:00'),
(1107, 73, 'Tawa', '0000-00-00 00:00:00', '0000-00-00 00:00:00'),
(1108, 73, 'Te Aro', '0000-00-00 00:00:00', '0000-00-00 00:00:00'),
(1109, 73, 'Thorndon', '0000-00-00 00:00:00', '0000-00-00 00:00:00'),
(1110, 73, 'Wadestown', '0000-00-00 00:00:00', '0000-00-00 00:00:00'),
(1111, 73, 'Wellington Central', '0000-00-00 00:00:00', '0000-00-00 00:00:00'),
(1112, 73, 'Wilton', '0000-00-00 00:00:00', '0000-00-00 00:00:00'),
(1113, 73, 'Woodridge', '0000-00-00 00:00:00', '0000-00-00 00:00:00'),
(1114, 74, 'Athenree', '0000-00-00 00:00:00', '0000-00-00 00:00:00'),
(1115, 74, 'Katikati', '0000-00-00 00:00:00', '0000-00-00 00:00:00'),
(1116, 74, 'Omokoroa', '0000-00-00 00:00:00', '0000-00-00 00:00:00'),
(1117, 74, 'Te Puke', '0000-00-00 00:00:00', '0000-00-00 00:00:00'),
(1118, 74, 'Waihi Beach', '0000-00-00 00:00:00', '0000-00-00 00:00:00'),
(1119, 75, 'Awatuna', '0000-00-00 00:00:00', '0000-00-00 00:00:00'),
(1120, 75, 'Hokitika', '0000-00-00 00:00:00', '0000-00-00 00:00:00'),
(1121, 75, 'Kaniere', '0000-00-00 00:00:00', '0000-00-00 00:00:00'),
(1122, 75, 'Kokatahi', '0000-00-00 00:00:00', '0000-00-00 00:00:00'),
(1123, 75, 'Kumara', '0000-00-00 00:00:00', '0000-00-00 00:00:00'),
(1124, 75, 'Kumara Junction', '0000-00-00 00:00:00', '0000-00-00 00:00:00'),
(1125, 75, 'Ross', '0000-00-00 00:00:00', '0000-00-00 00:00:00'),
(1126, 76, 'Coastlands', '0000-00-00 00:00:00', '0000-00-00 00:00:00'),
(1127, 76, 'Edgecumbe', '0000-00-00 00:00:00', '0000-00-00 00:00:00'),
(1128, 76, 'Murupara', '0000-00-00 00:00:00', '0000-00-00 00:00:00'),
(1129, 76, 'Ohope', '0000-00-00 00:00:00', '0000-00-00 00:00:00'),
(1130, 76, 'Poroporo', '0000-00-00 00:00:00', '0000-00-00 00:00:00'),
(1131, 76, 'Taneatua', '0000-00-00 00:00:00', '0000-00-00 00:00:00'),
(1132, 76, 'Whakatane', '0000-00-00 00:00:00', '0000-00-00 00:00:00'),
(1133, 77, 'Abbey Caves', '0000-00-00 00:00:00', '0000-00-00 00:00:00'),
(1134, 77, 'Avenues', '0000-00-00 00:00:00', '0000-00-00 00:00:00'),
(1135, 77, 'Glenbervie', '0000-00-00 00:00:00', '0000-00-00 00:00:00'),
(1136, 77, 'Hikurangi', '0000-00-00 00:00:00', '0000-00-00 00:00:00'),
(1137, 77, 'Horahora', '0000-00-00 00:00:00', '0000-00-00 00:00:00'),
(1138, 77, 'Kamo', '0000-00-00 00:00:00', '0000-00-00 00:00:00'),
(1139, 77, 'Kensington', '0000-00-00 00:00:00', '0000-00-00 00:00:00'),
(1140, 77, 'Mairtown', '0000-00-00 00:00:00', '0000-00-00 00:00:00'),
(1141, 77, 'Morningside', '0000-00-00 00:00:00', '0000-00-00 00:00:00'),
(1142, 77, 'Onerahi', '0000-00-00 00:00:00', '0000-00-00 00:00:00'),
(1143, 77, 'Otaika', '0000-00-00 00:00:00', '0000-00-00 00:00:00'),
(1144, 77, 'Otangarei', '0000-00-00 00:00:00', '0000-00-00 00:00:00'),
(1145, 77, 'Parahaki', '0000-00-00 00:00:00', '0000-00-00 00:00:00'),
(1146, 77, 'Port Whangarei', '0000-00-00 00:00:00', '0000-00-00 00:00:00'),
(1147, 77, 'Raumanga', '0000-00-00 00:00:00', '0000-00-00 00:00:00'),
(1148, 77, 'Regent', '0000-00-00 00:00:00', '0000-00-00 00:00:00'),
(1149, 77, 'Riverside', '0000-00-00 00:00:00', '0000-00-00 00:00:00'),
(1150, 77, 'Ruakaka', '0000-00-00 00:00:00', '0000-00-00 00:00:00'),
(1151, 77, 'Tikipunga', '0000-00-00 00:00:00', '0000-00-00 00:00:00'),
(1152, 77, 'Waipu', '0000-00-00 00:00:00', '0000-00-00 00:00:00'),
(1153, 77, 'Whangarei Central', '0000-00-00 00:00:00', '0000-00-00 00:00:00'),
(1154, 77, 'Whau Valley', '0000-00-00 00:00:00', '0000-00-00 00:00:00'),
(1155, 77, 'Woodhill', '0000-00-00 00:00:00', '0000-00-00 00:00:00');

-- --------------------------------------------------------

--
-- Table structure for table `transport`
--

CREATE TABLE IF NOT EXISTS `transport` (
  `id` int(11) NOT NULL AUTO_INCREMENT,
  `first_name` varchar(255) NOT NULL,
  `last_name` varchar(255) NOT NULL,
  `email` varchar(255) NOT NULL,
  `phone` varchar(255) NOT NULL,
  `p_address_line_1` varchar(255) NOT NULL,
  `p_address_line_2` varchar(255) NOT NULL,
  `p_suburb` varchar(255) NOT NULL,
  `p_city` varchar(255) NOT NULL,
  `d_address_line_1` varchar(255) NOT NULL,
  `d_address_line_2` varchar(255) NOT NULL,
  `d_suburb` varchar(255) NOT NULL,
  `d_city` varchar(255) NOT NULL,
  `start_date` varchar(255) NOT NULL,
  `end_date` varchar(255) NOT NULL,
  `start_time` varchar(255) NOT NULL,
  `end_time` varchar(255) NOT NULL,
  `updated_at` timestamp NOT NULL DEFAULT CURRENT_TIMESTAMP ON UPDATE CURRENT_TIMESTAMP,
  `created_at` timestamp NOT NULL DEFAULT '0000-00-00 00:00:00',
  PRIMARY KEY (`id`)
) ENGINE=InnoDB  DEFAULT CHARSET=latin1 AUTO_INCREMENT=6 ;

--
-- Dumping data for table `transport`
--

INSERT INTO `transport` (`id`, `first_name`, `last_name`, `email`, `phone`, `p_address_line_1`, `p_address_line_2`, `p_suburb`, `p_city`, `d_address_line_1`, `d_address_line_2`, `d_suburb`, `d_city`, `start_date`, `end_date`, `start_time`, `end_time`, `updated_at`, `created_at`) VALUES
(1, 'tharmarajah@gmail.com', 'premrajk', 'tharmarajah', '0224059080', '63 ', 'Rogan St', 'Mt Roskill', 'Auckland', '24', 'Mt Albert', 'Mt Albert', 'Auckland', '7/22/2016', '7/22/2016', '10:30am', '11:30am', '2016-07-28 05:51:11', '2016-07-28 05:51:11'),
(2, 'tharmarajah@gmail.com', 'premrajk', 'Auckland', '0224059080', '63 ', 'Rogan St', 'Mt Roskill', 'Auckland', '24', 'Mt Albert', 'Mt Albert', 'Auckland', '7/22/2016', '7/22/2016', '2:00pm', '5:30pm', '2016-07-28 06:11:24', '2016-07-28 06:11:24');

/*!40101 SET CHARACTER_SET_CLIENT=@OLD_CHARACTER_SET_CLIENT */;
/*!40101 SET CHARACTER_SET_RESULTS=@OLD_CHARACTER_SET_RESULTS */;
/*!40101 SET COLLATION_CONNECTION=@OLD_COLLATION_CONNECTION */;
